Workbook

Sheet Pivot tables
D4: Average of Total bill | E4: Column Labels
D5: Row Labels | E5: East | F5: North | G5: South | H5: West | I5: (blank) | J5: Grand Total
D6: Adult | E6: 64370.455 | F6: 57337.037 | G6: 52315.094 | H6: 58268.75 | J6: 56427.66
D7: Senior | E7: 53647.368 | F7: 57494.505 | G7: 46991.852 | H7: 71026.761 | J7: 55583.898
D8: super senior | E8: 76550 | F8: 46951.064 | G8: 33068.519 | H8: 54383.333 | J8: 50009.948
D9: Young adult | E9: 26780 | F9: 25583.333 | G9: 54000 | H9: 128166.67 | J9: 58325
D10: (blank)
D11: Grand Total | E11: 61180.882 | F11: 54700.794 | G11: 47541.873 | H11: 62654.618 | J11: 54963.9
A13: Row Labels | B13: Count of Patient Id | C13: Average of Income (LPA)
A14: 22 | B14: 2 | C14: 10.5 | E14: Row Labels | F14: Avg insurance amount
A15: 28 | B15: 22 | C15: 14.318182 | E15: Adult | F15: 39392.801
A16: 30 | B16: 8 | C16: 9.4375 | E16: Senior | F16: 35437.446
A17: 32 | B17: 24 | C17: 20.5625 | E17: super senior | F17: 36825.167
A18: 33 | B18: 89 | C18: 37.678161 | E18: Young adult | F18: 44424.977
A19: 34 | B19: 9 | C19: 24.222222 | E19: Grand Total | F19: 37718.441
A20: 38 | B20: 133 | C20: 27.073077
A21: 41 | B21: 44 | C21: 23.77381
A22: 42 | B22: 79 | C22: 24.616883
A23: 45 | B23: 45 | C23: 12.931818 | F23: Count of Patient Id | G23: Column Labels
A24: 46 | B24: 3 | C24: 15.666667 | F24: Row Labels | G24: High Priority | H24: Grand Total
A25: 48 | B25: 131 | C25: 18.90625 | F25: East | G25: 0.13989637 | H25: 0.13989637
A26: 50 | B26: 7 | C26: 12.666667 | F26: North | G26: 0.38341969 | H26: 0.38341969
A27: 53 | B27: 99 | C27: 22.035354 | F27: South | G27: 0.30051813 | H27: 0.30051813
A28: 54 | B28: 13 | C28: 13.115385 | F28: West | G28: 0.1761658 | H28: 0.1761658
A29: 58 | B29: 100 | C29: 26.617347 | F29: Grand Total | G29: 1 | H29: 1
A30: 60 | B30: 1 | C30: 400
A31: 62 | B31: 79 | C31: 33.018987
A32: 68 | B32: 63 | C32: 24.880952
A33: 73 | B33: 38 | C33: 29.763158
A34: 82 | B34: 5 | C34: 21.4
A35: 88 | B35: 6 | C35: 16.083333
A36: Grand Total | B36: 1000 | C36: 25.200711
B39: Row Labels | C39: Average of Patient_weight
B40: East | C40: 76.761029
B41: North | C41: 78.723016
B42: South | C42: 77.89697
B43: West | C43: 76.856225
B44: Grand Total | C44: 77.6915
A49: Count of Patient_id | B49: Column Labels
A50: Row Labels | B50: A- | C50: A+ | D50: AB- | E50: AB+ | F50: B- | G50: B+ | H50: O- | I50: O+ | J50: Grand Total
A51: East | B51: 12 | C51: 17 | D51: 21 | E51: 20 | F51: 15 | G51: 12 | H51: 21 | I51: 18 | J51: 136
A52: North | B52: 34 | C52: 30 | D52: 27 | E52: 28 | F52: 40 | G52: 31 | H52: 33 | I52: 29 | J52: 252
A53: South | B53: 38 | C53: 48 | D53: 45 | E53: 46 | F53: 48 | G53: 46 | H53: 49 | I53: 43 | J53: 363
A54: West | B54: 32 | C54: 23 | D54: 31 | E54: 35 | F54: 30 | G54: 31 | H54: 34 | I54: 33 | J54: 249
A55: Grand Total | B55: 116 | C55: 118 | D55: 124 | E55: 129 | F55: 133 | G55: 120 | H55: 137 | I55: 123 | J55: 1000
A58: Count of Patient_id | B58: Column Labels | E58: Count of Patient_id | F58: Column Labels
A59: Row Labels | B59: TRUE | C59: Grand Total | E59: Row Labels | F59: TRUE | G59: Grand Total
A60: East | B60: 34 | C60: 34 | E60: East | F60: 40 | G60: 40
A61: North | B61: 75 | C61: 75 | E61: North | F61: 79 | G61: 79
A62: South | B62: 109 | C62: 109 | E62: South | F62: 107 | G62: 107
A63: West | B63: 74 | C63: 74 | E63: West | F63: 73 | G63: 73
A64: Grand Total | B64: 292 | C64: 292 | E64: Grand Total | F64: 299 | G64: 299
E66: Row Labels | F66: Count of Patient_id | G66: Sum of Sum Covered Insurance Amount
E67: East | F67: 136 | G67: 4645514.7
E68: North | F68: 252 | G68: 7686194.7
E69: South | F69: 363 | G69: 9434431.3
E70: West | F70: 249 | G70: 8446330.7
E71: Grand Total | F71: 1000 | G71: 30212471

Sheet Interactive dashboard
A1: PID0032
E3: financial status
D4: income | E4: total bill | F4: insurance | G4: gender
D5: =_xlfn.XLOOKUP(A1,'Patient Demographics'!A:A,'Patient Demographics'!K:K,FALSE) -> 9 | E5: =_xlfn.XLOOKUP(A1,'Patient Demographics'!A:A,'Billing Details'!J:J,FALSE) -> 45000 | G5: =INDEX('Patient Demographics'!E:E,MATCH('Interactive dashboard'!A1,'Patient Demographics'!A:A)) -> Female
E8: Health indicator
D9: cholesterol level | E9: smoking status | F9: Drinking status | G9: DM | H9: blood Group
D10: =INDEX('Patient Health Records'!U:U,MATCH(A1,'Patient Demographics'!A:A)) -> 196 | E10: =INDEX('Patient Health Records'!X:X,MATCH('Interactive dashboard'!A1,'Patient Demographics'!A:A)) -> FALSE | H10: =INDEX('Patient Health Records'!B:B,MATCH('Interactive dashboard'!A1,'Patient Demographics'!A:A)) -> A-
E11: Outcome
D12: Outcome | E12: Satisfaction

Sheet Patient Education
A1: Patient Id | B1: Education Level | C1: Occupation | D1: Company Type
A2: PID0001 | B2: Master's Degree | C2: Manager | D2: Startup | F2: PID0001
A3: PID0002 | B3: Bachelor's Degree | C3: Teacher | D3: Startup | H3: financial status
A4: PID0003 | B4: School | C4: Clerical Staff | D4: Public | G4: income | H4: total bill | I4: gender
A5: PID0004 | B5: School | C5: Retail Worker | D5: Public | G5: =_xlfn.XLOOKUP(F2,'Patient Demographics'!A:A,'Patient Demographics'!K:K,FALSE) -> 20 | H5: =_xlfn.XLOOKUP(F2,'Billing Details'!A:A,'Billing Details'!J:J,FALSE) -> 60000 | I5: =_xlfn.XLOOKUP(F2,'Patient Demographics'!A:A,'Patient Demographics'!E:E,FALSE) -> Female
A6: PID0005 | B6: Post-graduate | C6: Professor | D6: Startup | H6: Health status
A7: PID0006 | B7: PhD | C7: Scientist | D7: Private | G7: cholesterol | H7: smoking status | I7: drinking status | J7: DM | K7: blood Group
A8: PID0007 | B8: Uneducated | C8: Unemployed | D8: None
A9: PID0008 | B9: Uneducated | C9: Labourer | D9: None
A10: PID0009 | B10: School | C10: Driver | D10: Public
A11: PID0010 | B11: Master's Degree | C11: Doctor | D11: Startup
A12: PID0011 | B12: Master's Degree | C12: Doctor | D12: Public
A13: PID0012 | B13: Bachelor's Degree | C13: Engineer | D13: Public | G13: Tamil Nadu | H13: =VLOOKUP(G13,Facts!A3:B10,2,FALSE) -> South
A14: PID0013 | B14: Bachelor's Degree | C14: Junior Executive | D14: Startup | G14: Maharashtra | H14: =VLOOKUP(G14,Facts!A4:B11,2,FALSE) -> West
A15: PID0014 | B15: Bachelor's Degree | C15: Engineer | D15: Private
A16: PID0015 | B16: School | C16: Retail Worker | D16: Public
A17: PID0016 | B17: Bachelor's Degree | C17: Nurse | D17: Startup
A18: PID0017 | B18: Master's Degree | C18: Manager | D18: Public
A19: PID0018 | B19: Master's Degree | C19: Doctor | D19: Startup
A20: PID0019 | B20: School | C20: Retail Worker | D20: Public
A21: PID0020 | B21: Bachelor's Degree | C21: Junior Executive | D21: Startup
A22: PID0021 | B22: High School | C22: Unemployed | D22: None
A23: PID0022 | B23: Master's Degree | C23: Senior Executive | D23: Private
A24: PID0023 | B24: PhD | C24: Scientist | D24: Public
A25: PID0024 | B25: Master's Degree | C25: Software Engineer | D25: Startup
A26: PID0025 | B26: School | C26: Retail Worker | D26: Public
... A1001: PID1000 | B1001: Bachelor's Degree | C1001: Teacher | D1001: Startup

Sheet Facts
A2: State | B2: Region
A3: Tamil Nadu | B3: South
A4: Maharashtra | B4: West
A5: Punjab | B5: North
A6: Karnataka | B6: South
A7: Uttar Pradesh | B7: North
A8: Kerala | B8: South
A9: West Bengal | B9: East
A10: Gujarat | B10: West

Sheet Patient Demographics
A1: Patient Id | B1: Patient Name | C1: Patient name (trimmed) | D1: Health report | E1: Gender | F1: Date of Birth | G1: Updated DOB | H1: DOB (Year) | I1: Age | J1: Age Group | K1: Income (LPA) | L1: Location (state) | M1: Region | N1: Updated Region | O1: Unique Region | P1: Count Of Patient | Q1: Priority Type | R1: unique regions | S1: High priority patients | T1: Tagging Patients | U1: region_s | V1: Immediate attention patients | W1: Location | X1: First name(find) | Y1: first_name | Z1: Mid name | AA1: Last name
A2: PID0001 | B2: Shreya Reddy | C2: =TRIM(B2) -> Shreya Reddy | D2: =_xlfn.CONCAT(A2,"_",Y2,".pdf") -> PID0001_Shreya.pdf | E2: Female | F2: 31/12/1973 | G2: =DATEVALUE(F2) -> 27029 | H2: =YEAR(G2) -> 1973 | I2: =2026-H2 -> 53 | J2: {=_xlfn.IFS(AND(I2>20,I2<=30),"Young adult",AND(I2>30,I2<=45),"Adult",AND(I2>45,I2<=60),"Senior",AND(I2>60,I2<90),"super senior",TRUE,"Died")} -> Senior | K2: 20 | L2: Tamil Nadu | M2: South | N2: =VLOOKUP(L2,Facts!$A$2:$B$10,2,FALSE) -> South | O2: {=_xlfn.UNIQUE(N2:N1001)} -> South | P2: =COUNTIF(N2:N1001,O2) -> 363 | Q2: =IF(AND(K2<=5,'Billing Details'!H2>=10000),"High Priority","Regularfollowup") -> Regularfollowup | R2: {=_xlfn.UNIQUE(N2:N1001)} -> South | S2: =COUNTIFS(N2:N1001,R2,Q2:Q1001,"High Priority") -> 51 | T2: =IF(AND(Q2="High Priority",'Patient Health Records'!AH2="Yes",'Patient Health Records'!AI2="Critical"), "Need Immediate attention", IF(AND('Patient Health Records'!AI2<>"Critical", 'Patient Health Records'!AH2="Yes"),"Monitor later",IF(AND('Patient Health Records'!AI2="Critical",'Patient Health Records'!AH2="No"),"Ask for readmission","No action"))) -> Ask for readmission | U2: {=_xlfn.UNIQUE(N2:N1001)} -> South | V2: =COUNTIFS(N2:N1001,U2,T2:T1001,"Need immediate attention") -> 11 | W2: =_xlfn.XLOOKUP('Patient Demographics'!N2,Facts!$B$2:$B$10,Facts!$A$2:$A$10,FALSE) -> Tamil Nadu | X2: =LEFT(C2,FIND(" ",C2)) -> Shreya | Y2: {=_xlfn.TEXTSPLIT(C2," ")} -> Shreya | Z2: Reddy
A3: PID0002 | B3: Isha Sharma | C3: =TRIM(B3) -> Isha Sharma | D3: =_xlfn.CONCAT(A3,"_",Y3,".pdf") -> PID0002_Isha.pdf | E3: Female | F3: 31/12/1953 | G3: =DATEVALUE(F3) -> 19724 | H3: =YEAR(G3) -> 1953 | I3: =2026-H3 -> 73 | J3: {=_xlfn.IFS(AND(I3>20,I3<=30),"Young adult",AND(I3>30,I3<=45),"Adult",AND(I3>45,I3<=60),"Senior",AND(I3>60,I3<90),"super senior",TRUE,"Died")} -> super senior | K3: 15 | L3: Maharashtra | M3: South | N3: =VLOOKUP(L3,Facts!$A$2:$B$10,2,FALSE) -> West | O3: West | P3: =COUNTIF(N3:N1002,O3) -> 249 | Q3: =IF(AND(K3<=5,'Billing Details'!H3>=10000),"High Priority","Regularfollowup") -> Regularfollowup | R3: West | S3: =COUNTIFS(N3:N1002,R3,Q3:Q1002,"High Priority") -> 20 | T3: =IF(AND(Q3="High Priority",'Patient Health Records'!AH3="Yes",'Patient Health Records'!AI3="Critical"), "Need Immediate attention", IF(AND('Patient Health Records'!AI3<>"Critical", 'Patient Health Records'!AH3="Yes"),"Monitor later",IF(AND('Patient Health Records'!AI3="Critical",'Patient Health Records'!AH3="No"),"Ask for readmission","No action"))) -> No action | U3: West | V3: =COUNTIFS(N3:N1002,U3,T3:T1002,"Need immediate attention") -> 5 | W3: =_xlfn.XLOOKUP('Patient Demographics'!N3,Facts!$B$2:$B$10,Facts!$A$2:$A$10,FALSE) -> Maharashtra | X3: =LEFT(C3,FIND(" ",C3)) -> Isha | Y3: {=_xlfn.TEXTSPLIT(C3," ")} -> Isha | Z3: Sharma
A4: PID0003 | B4: Isha Raj Reddy | C4: =TRIM(B4) -> Isha Raj Reddy | D4: =_xlfn.CONCAT(A4,"_",Y4,".pdf") -> PID0003_Isha.pdf | E4: Female | F4: 31/12/1993 | G4: =DATEVALUE(F4) -> 34334 | H4: =YEAR(G4) -> 1993 | I4: =2026-H4 -> 33 | J4: {=_xlfn.IFS(AND(I4>20,I4<=30),"Young adult",AND(I4>30,I4<=45),"Adult",AND(I4>45,I4<=60),"Senior",AND(I4>60,I4<90),"super senior",TRUE,"Died")} -> Adult | K4: 20 | L4: Punjab | M4: North | N4: =VLOOKUP(L4,Facts!$A$2:$B$10,2,FALSE) -> North | O4: North | P4: =COUNTIF(N4:N1003,O4) -> 252 | Q4: =IF(AND(K4<=5,'Billing Details'!H4>=10000),"High Priority","Regularfollowup") -> Regularfollowup | R4: North | S4: =COUNTIFS(N4:N1003,R4,Q4:Q1003,"High Priority") -> 93 | T4: =IF(AND(Q4="High Priority",'Patient Health Records'!AH4="Yes",'Patient Health Records'!AI4="Critical"), "Need Immediate attention", IF(AND('Patient Health Records'!AI4<>"Critical", 'Patient Health Records'!AH4="Yes"),"Monitor later",IF(AND('Patient Health Records'!AI4="Critical",'Patient Health Records'!AH4="No"),"Ask for readmission","No action"))) -> Ask for readmission | U4: North | V4: =COUNTIFS(N4:N1003,U4,T4:T1003,"Need immediate attention") -> 14 | W4: =_xlfn.XLOOKUP('Patient Demographics'!N4,Facts!$B$2:$B$10,Facts!$A$2:$A$10,FALSE) -> Punjab | X4: =LEFT(C4,FIND(" ",C4)) -> Isha | Y4: {=_xlfn.TEXTSPLIT(C4," ")} -> Isha | Z4: Raj | AA4: Reddy
A5: PID0004 | B5: Aditya Patel | C5: =TRIM(B5) -> Aditya Patel | D5: =_xlfn.CONCAT(A5,"_",Y5,".pdf") -> PID0004_Aditya.pdf | E5: Male | F5: 31/12/1993 | G5: =DATEVALUE(F5) -> 34334 | H5: =YEAR(G5) -> 1993 | I5: =2026-H5 -> 33 | J5: {=_xlfn.IFS(AND(I5>20,I5<=30),"Young adult",AND(I5>30,I5<=45),"Adult",AND(I5>45,I5<=60),"Senior",AND(I5>60,I5<90),"super senior",TRUE,"Died")} -> Adult | K5: 15 | L5: Karnataka | M5: South | N5: =VLOOKUP(L5,Facts!$A$2:$B$10,2,FALSE) -> South | O5: East | P5: =COUNTIF(N5:N1004,O5) -> 136 | Q5: =IF(AND(K5<=5,'Billing Details'!H5>=10000),"High Priority","Regularfollowup") -> Regularfollowup | R5: East | S5: =COUNTIFS(N5:N1004,R5,Q5:Q1004,"High Priority") -> 29 | T5: =IF(AND(Q5="High Priority",'Patient Health Records'!AH5="Yes",'Patient Health Records'!AI5="Critical"), "Need Immediate attention", IF(AND('Patient Health Records'!AI5<>"Critical", 'Patient Health Records'!AH5="Yes"),"Monitor later",IF(AND('Patient Health Records'!AI5="Critical",'Patient Health Records'!AH5="No"),"Ask for readmission","No action"))) -> Ask for readmission | U5: East | V5: =COUNTIFS(N5:N1004,U5,T5:T1004,"Need immediate attention") -> 4 | W5: =_xlfn.XLOOKUP('Patient Demographics'!N5,Facts!$B$2:$B$10,Facts!$A$2:$A$10,FALSE) -> Tamil Nadu | X5: =LEFT(C5,FIND(" ",C5)) -> Aditya | Y5: {=_xlfn.TEXTSPLIT(C5," ")} -> Aditya | Z5: Patel
A6: PID0005 | B6: Aarav Mehta | C6: =TRIM(B6) -> Aarav Mehta | D6: =_xlfn.CONCAT(A6,"_",Y6,".pdf") -> PID0005_Aarav.pdf | E6: Male | F6: 31/12/1988 | G6: =DATEVALUE(F6) -> 32508 | H6: =YEAR(G6) -> 1988 | I6: =2026-H6 -> 38 | J6: {=_xlfn.IFS(AND(I6>20,I6<=30),"Young adult",AND(I6>30,I6<=45),"Adult",AND(I6>45,I6<=60),"Senior",AND(I6>60,I6<90),"super senior",TRUE,"Died")} -> Adult | K6: 2 | L6: Uttar Pradesh | M6: North | N6: =VLOOKUP(L6,Facts!$A$2:$B$10,2,FALSE) -> North | Q6: =IF(AND(K6<=5,'Billing Details'!H6>=10000),"High Priority","Regularfollowup") -> Regularfollowup | T6: =IF(AND(Q6="High Priority",'Patient Health Records'!AH6="Yes",'Patient Health Records'!AI6="Critical"), "Need Immediate attention", IF(AND('Patient Health Records'!AI6<>"Critical", 'Patient Health Records'!AH6="Yes"),"Monitor later",IF(AND('Patient Health Records'!AI6="Critical",'Patient Health Records'!AH6="No"),"Ask for readmission","No action"))) -> No action | W6: =_xlfn.XLOOKUP('Patient Demographics'!N6,Facts!$B$2:$B$10,Facts!$A$2:$A$10,FALSE) -> Punjab | X6: =LEFT(C6,FIND(" ",C6)) -> Aarav | Y6: {=_xlfn.TEXTSPLIT(C6," ")} -> Aarav | Z6: Mehta
A7: PID0006 | B7: Aarav Sharma | C7: =TRIM(B7) -> Aarav Sharma | D7: =_xlfn.CONCAT(A7,"_",Y7,".pdf") -> PID0006_Aarav.pdf | E7: Male | F7: 31/12/1938 | G7: =DATEVALUE(F7) -> 14245 | H7: =YEAR(G7) -> 1938 | I7: =2026-H7 -> 88 | J7: {=_xlfn.IFS(AND(I7>20,I7<=30),"Young adult",AND(I7>30,I7<=45),"Adult",AND(I7>45,I7<=60),"Senior",AND(I7>60,I7<90),"super senior",TRUE,"Died")} -> super senior | K7: 20 | L7: Karnataka | M7: South | N7: =VLOOKUP(L7,Facts!$A$2:$B$10,2,FALSE) -> South | Q7: =IF(AND(K7<=5,'Billing Details'!H7>=10000),"High Priority","Regularfollowup") -> Regularfollowup | T7: =IF(AND(Q7="High Priority",'Patient Health Records'!AH7="Yes",'Patient Health Records'!AI7="Critical"), "Need Immediate attention", IF(AND('Patient Health Records'!AI7<>"Critical", 'Patient Health Records'!AH7="Yes"),"Monitor later",IF(AND('Patient Health Records'!AI7="Critical",'Patient Health Records'!AH7="No"),"Ask for readmission","No action"))) -> No action | W7: =_xlfn.XLOOKUP('Patient Demographics'!N7,Facts!$B$2:$B$10,Facts!$A$2:$A$10,FALSE) -> Tamil Nadu | X7: =LEFT(C7,FIND(" ",C7)) -> Aarav | Y7: {=_xlfn.TEXTSPLIT(C7," ")} -> Aarav | Z7: Sharma
A8: PID0007 | B8: Sai Raj Patel | C8: =TRIM(B8) -> Sai Raj Patel | D8: =_xlfn.CONCAT(A8,"_",Y8,".pdf") -> PID0007_Sai.pdf | E8: Male | F8: 31/12/1988 | G8: =DATEVALUE(F8) -> 32508 | H8: =YEAR(G8) -> 1988 | I8: =2026-H8 -> 38 | J8: {=_xlfn.IFS(AND(I8>20,I8<=30),"Young adult",AND(I8>30,I8<=45),"Adult",AND(I8>45,I8<=60),"Senior",AND(I8>60,I8<90),"super senior",TRUE,"Died")} -> Adult | K8: 40 | L8: Maharashtra | M8: North | N8: =VLOOKUP(L8,Facts!$A$2:$B$10,2,FALSE) -> West | Q8: =IF(AND(K8<=5,'Billing Details'!H8>=10000),"High Priority","Regularfollowup") -> Regularfollowup | T8: =IF(AND(Q8="High Priority",'Patient Health Records'!AH8="Yes",'Patient Health Records'!AI8="Critical"), "Need Immediate attention", IF(AND('Patient Health Records'!AI8<>"Critical", 'Patient Health Records'!AH8="Yes"),"Monitor later",IF(AND('Patient Health Records'!AI8="Critical",'Patient Health Records'!AH8="No"),"Ask for readmission","No action"))) -> No action | W8: =_xlfn.XLOOKUP('Patient Demographics'!N8,Facts!$B$2:$B$10,Facts!$A$2:$A$10,FALSE) -> Maharashtra | X8: =LEFT(C8,FIND(" ",C8)) -> Sai | Y8: {=_xlfn.TEXTSPLIT(C8," ")} -> Sai | Z8: Raj | AA8: Patel
A9: PID0008 | B9: Shreya Reddy | C9: =TRIM(B9) -> Shreya Reddy | D9: =_xlfn.CONCAT(A9,"_",Y9,".pdf") -> PID0008_Shreya.pdf | E9: Female | F9: 31/12/1994 | G9: =DATEVALUE(F9) -> 34699 | H9: =YEAR(G9) -> 1994 | I9: =2026-H9 -> 32 | J9: {=_xlfn.IFS(AND(I9>20,I9<=30),"Young adult",AND(I9>30,I9<=45),"Adult",AND(I9>45,I9<=60),"Senior",AND(I9>60,I9<90),"super senior",TRUE,"Died")} -> Adult | K9: 30 | L9: Kerala | M9: East | N9: =VLOOKUP(L9,Facts!$A$2:$B$10,2,FALSE) -> South | Q9: =IF(AND(K9<=5,'Billing Details'!H9>=10000),"High Priority","Regularfollowup") -> Regularfollowup | T9: =IF(AND(Q9="High Priority",'Patient Health Records'!AH9="Yes",'Patient Health Records'!AI9="Critical"), "Need Immediate attention", IF(AND('Patient Health Records'!AI9<>"Critical", 'Patient Health Records'!AH9="Yes"),"Monitor later",IF(AND('Patient Health Records'!AI9="Critical",'Patient Health Records'!AH9="No"),"Ask for readmission","No action"))) -> Monitor later | W9: =_xlfn.XLOOKUP('Patient Demographics'!N9,Facts!$B$2:$B$10,Facts!$A$2:$A$10,FALSE) -> Tamil Nadu | X9: =LEFT(C9,FIND(" ",C9)) -> Shreya | Y9: {=_xlfn.TEXTSPLIT(C9," ")} -> Shreya | Z9: Reddy
A10: PID0009 | B10: Diya Mehta | C10: =TRIM(B10) -> Diya Mehta | D10: =_xlfn.CONCAT(A10,"_",Y10,".pdf") -> PID0009_Diya.pdf | E10: Female | F10: 31/12/1978 | G10: =DATEVALUE(F10) -> 28855 | H10: =YEAR(G10) -> 1978 | I10: =2026-H10 -> 48 | J10: {=_xlfn.IFS(AND(I10>20,I10<=30),"Young adult",AND(I10>30,I10<=45),"Adult",AND(I10>45,I10<=60),"Senior",AND(I10>60,I10<90),"super senior",TRUE,"Died")} -> Senior | K10: 20 | L10: Karnataka | M10: South | N10: =VLOOKUP(L10,Facts!$A$2:$B$10,2,FALSE) -> South | Q10: =IF(AND(K10<=5,'Billing Details'!H10>=10000),"High Priority","Regularfollowup") -> Regularfollowup | T10: =IF(AND(Q10="High Priority",'Patient Health Records'!AH10="Yes",'Patient Health Records'!AI10="Critical"), "Need Immediate attention", IF(AND('Patient Health Records'!AI10<>"Critical", 'Patient Health Records'!AH10="Yes"),"Monitor later",IF(AND('Patient Health Records'!AI10="Critical",'Patient Health Records'!AH10="No"),"Ask for readmission","No action"))) -> No action | W10: =_xlfn.XLOOKUP('Patient Demographics'!N10,Facts!$B$2:$B$10,Facts!$A$2:$A$10,FALSE) -> Tamil Nadu | X10: =LEFT(C10,FIND(" ",C10)) -> Diya | Y10: {=_xlfn.TEXTSPLIT(C10," ")} -> Diya | Z10: Mehta
A11: PID0010 | B11: Vivaan Patel | C11: =TRIM(B11) -> Vivaan Patel | D11: =_xlfn.CONCAT(A11,"_",Y11,".pdf") -> PID0010_Vivaan.pdf | E11: Male | F11: 31-12-1994 | G11: =DATEVALUE(F11) -> 34699 | H11: =YEAR(G11) -> 1994 | I11: =2026-H11 -> 32 | J11: {=_xlfn.IFS(AND(I11>20,I11<=30),"Young adult",AND(I11>30,I11<=45),"Adult",AND(I11>45,I11<=60),"Senior",AND(I11>60,I11<90),"super senior",TRUE,"Died")} -> Adult | K11: 2 | L11: West Bengal | M11: East | N11: =VLOOKUP(L11,Facts!$A$2:$B$10,2,FALSE) -> East | Q11: =IF(AND(K11<=5,'Billing Details'!H11>=10000),"High Priority","Regularfollowup") -> High Priority | T11: =IF(AND(Q11="High Priority",'Patient Health Records'!AH11="Yes",'Patient Health Records'!AI11="Critical"), "Need Immediate attention", IF(AND('Patient Health Records'!AI11<>"Critical", 'Patient Health Records'!AH11="Yes"),"Monitor later",IF(AND('Patient Health Records'!AI11="Critical",'Patient Health Records'!AH11="No"),"Ask for readmission","No action"))) -> Ask for readmission | W11: =_xlfn.XLOOKUP('Patient Demographics'!N11,Facts!$B$2:$B$10,Facts!$A$2:$A$10,FALSE) -> West Bengal | X11: =LEFT(C11,FIND(" ",C11)) -> Vivaan | Y11: {=_xlfn.TEXTSPLIT(C11," ")} -> Vivaan | Z11: Patel
A12: PID0011 | B12: Aditya Gupta | C12: =TRIM(B12) -> Aditya Gupta | D12: =_xlfn.CONCAT(A12,"_",Y12,".pdf") -> PID0011_Aditya.pdf | E12: Male | F12: 01/01/1964 | G12: =DATEVALUE(F12) -> 23377 | H12: =YEAR(G12) -> 1964 | I12: =2026-H12 -> 62 | J12: {=_xlfn.IFS(AND(I12>20,I12<=30),"Young adult",AND(I12>30,I12<=45),"Adult",AND(I12>45,I12<=60),"Senior",AND(I12>60,I12<90),"super senior",TRUE,"Died")} -> super senior | K12: 3 | L12: Karnataka | M12: North | N12: =VLOOKUP(L12,Facts!$A$2:$B$10,2,FALSE) -> South | Q12: =IF(AND(K12<=5,'Billing Details'!H12>=10000),"High Priority","Regularfollowup") -> Regularfollowup | T12: =IF(AND(Q12="High Priority",'Patient Health Records'!AH12="Yes",'Patient Health Records'!AI12="Critical"), "Need Immediate attention", IF(AND('Patient Health Records'!AI12<>"Critical", 'Patient Health Records'!AH12="Yes"),"Monitor later",IF(AND('Patient Health Records'!AI12="Critical",'Patient Health Records'!AH12="No"),"Ask for readmission","No action"))) -> No action | W12: =_xlfn.XLOOKUP('Patient Demographics'!N12,Facts!$B$2:$B$10,Facts!$A$2:$A$10,FALSE) -> Tamil Nadu | X12: =LEFT(C12,FIND(" ",C12)) -> Aditya | Y12: {=_xlfn.TEXTSPLIT(C12," ")} -> Aditya | Z12: Gupta
A13: PID0012 | B13: Aditya Sharma | C13: =TRIM(B13) -> Aditya Sharma | D13: =_xlfn.CONCAT(A13,"_",Y13,".pdf") -> PID0012_Aditya.pdf | E13: Male | F13: 01/01/1964 | G13: =DATEVALUE(F13) -> 23377 | H13: =YEAR(G13) -> 1964 | I13: =2026-H13 -> 62 | J13: {=_xlfn.IFS(AND(I13>20,I13<=30),"Young adult",AND(I13>30,I13<=45),"Adult",AND(I13>45,I13<=60),"Senior",AND(I13>60,I13<90),"super senior",TRUE,"Died")} -> super senior | K13: 15 | L13: Tamil Nadu | M13: South | N13: =VLOOKUP(L13,Facts!$A$2:$B$10,2,FALSE) -> South | Q13: =IF(AND(K13<=5,'Billing Details'!H13>=10000),"High Priority","Regularfollowup") -> Regularfollowup | T13: =IF(AND(Q13="High Priority",'Patient Health Records'!AH13="Yes",'Patient Health Records'!AI13="Critical"), "Need Immediate attention", IF(AND('Patient Health Records'!AI13<>"Critical", 'Patient Health Records'!AH13="Yes"),"Monitor later",IF(AND('Patient Health Records'!AI13="Critical",'Patient Health Records'!AH13="No"),"Ask for readmission","No action"))) -> Monitor later | W13: =_xlfn.XLOOKUP('Patient Demographics'!N13,Facts!$B$2:$B$10,Facts!$A$2:$A$10,FALSE) -> Tamil Nadu | X13: =LEFT(C13,FIND(" ",C13)) -> Aditya | Y13: {=_xlfn.TEXTSPLIT(C13," ")} -> Aditya | Z13: Sharma
A14: PID0013 | B14: Diya Kumar Sharma | C14: =TRIM(B14) -> Diya Kumar Sharma | D14: =_xlfn.CONCAT(A14,"_",Y14,".pdf") -> PID0013_Diya.pdf | E14: Female | F14: 31/12/1973 | G14: =DATEVALUE(F14) -> 27029 | H14: =YEAR(G14) -> 1973 | I14: =2026-H14 -> 53 | J14: {=_xlfn.IFS(AND(I14>20,I14<=30),"Young adult",AND(I14>30,I14<=45),"Adult",AND(I14>45,I14<=60),"Senior",AND(I14>60,I14<90),"super senior",TRUE,"Died")} -> Senior | K14: 7 | L14: Kerala | M14: North | N14: =VLOOKUP(L14,Facts!$A$2:$B$10,2,FALSE) -> South | Q14: =IF(AND(K14<=5,'Billing Details'!H14>=10000),"High Priority","Regularfollowup") -> Regularfollowup | T14: =IF(AND(Q14="High Priority",'Patient Health Records'!AH14="Yes",'Patient Health Records'!AI14="Critical"), "Need Immediate attention", IF(AND('Patient Health Records'!AI14<>"Critical", 'Patient Health Records'!AH14="Yes"),"Monitor later",IF(AND('Patient Health Records'!AI14="Critical",'Patient Health Records'!AH14="No"),"Ask for readmission","No action"))) -> Monitor later | W14: =_xlfn.XLOOKUP('Patient Demographics'!N14,Facts!$B$2:$B$10,Facts!$A$2:$A$10,FALSE) -> Tamil Nadu | X14: =LEFT(C14,FIND(" ",C14)) -> Diya | Y14: {=_xlfn.TEXTSPLIT(C14," ")} -> Diya | Z14: Kumar | AA14: Sharma
A15: PID0014 | B15: Aanya Raj Sharma | C15: =TRIM(B15) -> Aanya Raj Sharma | D15: =_xlfn.CONCAT(A15,"_",Y15,".pdf") -> PID0014_Aanya.pdf | E15: Female | F15: 31/12/1981 | G15: =DATEVALUE(F15) -> 29951 | H15: =YEAR(G15) -> 1981 | I15: =2026-H15 -> 45 | J15: {=_xlfn.IFS(AND(I15>20,I15<=30),"Young adult",AND(I15>30,I15<=45),"Adult",AND(I15>45,I15<=60),"Senior",AND(I15>60,I15<90),"super senior",TRUE,"Died")} -> Adult | K15: 15 | L15: Kerala | M15: South | N15: =VLOOKUP(L15,Facts!$A$2:$B$10,2,FALSE) -> South | Q15: =IF(AND(K15<=5,'Billing Details'!H15>=10000),"High Priority","Regularfollowup") -> Regularfollowup | T15: =IF(AND(Q15="High Priority",'Patient Health Records'!AH15="Yes",'Patient Health Records'!AI15="Critical"), "Need Immediate attention", IF(AND('Patient Health Records'!AI15<>"Critical", 'Patient Health Records'!AH15="Yes"),"Monitor later",IF(AND('Patient Health Records'!AI15="Critical",'Patient Health Records'!AH15="No"),"Ask for readmission","No action"))) -> No action | W15: =_xlfn.XLOOKUP('Patient Demographics'!N15,Facts!$B$2:$B$10,Facts!$A$2:$A$10,FALSE) -> Tamil Nadu | X15: =LEFT(C15,FIND(" ",C15)) -> Aanya | Y15: {=_xlfn.TEXTSPLIT(C15," ")} -> Aanya | Z15: Raj | AA15: Sharma
A16: PID0015 | B16: Diya Priya Gupta | C16: =TRIM(B16) -> Diya Priya Gupta | D16: =_xlfn.CONCAT(A16,"_",Y16,".pdf") -> PID0015_Diya.pdf | E16: Female | F16: 01/01/1964 | G16: =DATEVALUE(F16) -> 23377 | H16: =YEAR(G16) -> 1964 | I16: =2026-H16 -> 62 | J16: {=_xlfn.IFS(AND(I16>20,I16<=30),"Young adult",AND(I16>30,I16<=45),"Adult",AND(I16>45,I16<=60),"Senior",AND(I16>60,I16<90),"super senior",TRUE,"Died")} -> super senior | K16: 2 | L16: Uttar Pradesh | M16: North | N16: =VLOOKUP(L16,Facts!$A$2:$B$10,2,FALSE) -> North | Q16: =IF(AND(K16<=5,'Billing Details'!H16>=10000),"High Priority","Regularfollowup") -> High Priority | T16: =IF(AND(Q16="High Priority",'Patient Health Records'!AH16="Yes",'Patient Health Records'!AI16="Critical"), "Need Immediate attention", IF(AND('Patient Health Records'!AI16<>"Critical", 'Patient Health Records'!AH16="Yes"),"Monitor later",IF(AND('Patient Health Records'!AI16="Critical",'Patient Health Records'!AH16="No"),"Ask for readmission","No action"))) -> Ask for readmission | W16: =_xlfn.XLOOKUP('Patient Demographics'!N16,Facts!$B$2:$B$10,Facts!$A$2:$A$10,FALSE) -> Punjab | X16: =LEFT(C16,FIND(" ",C16)) -> Diya | Y16: {=_xlfn.TEXTSPLIT(C16," ")} -> Diya | Z16: Priya | AA16: Gupta
A17: PID0016 | B17: Isha Kumar Mehta | C17: =TRIM(B17) -> Isha Kumar Mehta | D17: =_xlfn.CONCAT(A17,"_",Y17,".pdf") -> PID0016_Isha.pdf | E17: Female | F17: 31/12/1994 | G17: =DATEVALUE(F17) -> 34699 | H17: =YEAR(G17) -> 1994 | I17: =2026-H17 -> 32 | J17: {=_xlfn.IFS(AND(I17>20,I17<=30),"Young adult",AND(I17>30,I17<=45),"Adult",AND(I17>45,I17<=60),"Senior",AND(I17>60,I17<90),"super senior",TRUE,"Died")} -> Adult | K17: 15 | L17: Gujarat | M17: South | N17: =VLOOKUP(L17,Facts!$A$2:$B$10,2,FALSE) -> West | Q17: =IF(AND(K17<=5,'Billing Details'!H17>=10000),"High Priority","Regularfollowup") -> Regularfollowup | T17: =IF(AND(Q17="High Priority",'Patient Health Records'!AH17="Yes",'Patient Health Records'!AI17="Critical"), "Need Immediate attention", IF(AND('Patient Health Records'!AI17<>"Critical", 'Patient Health Records'!AH17="Yes"),"Monitor later",IF(AND('Patient Health Records'!AI17="Critical",'Patient Health Records'!AH17="No"),"Ask for readmission","No action"))) -> Monitor later | W17: =_xlfn.XLOOKUP('Patient Demographics'!N17,Facts!$B$2:$B$10,Facts!$A$2:$A$10,FALSE) -> Maharashtra | X17: =LEFT(C17,FIND(" ",C17)) -> Isha | Y17: {=_xlfn.TEXTSPLIT(C17," ")} -> Isha | Z17: Kumar | AA17: Mehta
A18: PID0017 | B18: Aditya Patel | C18: =TRIM(B18) -> Aditya Patel | D18: =_xlfn.CONCAT(A18,"_",Y18,".pdf") -> PID0017_Aditya.pdf | E18: Male | F18: 01/01/1984 | G18: =DATEVALUE(F18) -> 30682 | H18: =YEAR(G18) -> 1984 | I18: =2026-H18 -> 42 | J18: {=_xlfn.IFS(AND(I18>20,I18<=30),"Young adult",AND(I18>30,I18<=45),"Adult",AND(I18>45,I18<=60),"Senior",AND(I18>60,I18<90),"super senior",TRUE,"Died")} -> Adult | K18: 7 | L18: Kerala | M18: South | N18: =VLOOKUP(L18,Facts!$A$2:$B$10,2,FALSE) -> South | Q18: =IF(AND(K18<=5,'Billing Details'!H18>=10000),"High Priority","Regularfollowup") -> Regularfollowup | T18: =IF(AND(Q18="High Priority",'Patient Health Records'!AH18="Yes",'Patient Health Records'!AI18="Critical"), "Need Immediate attention", IF(AND('Patient Health Records'!AI18<>"Critical", 'Patient Health Records'!AH18="Yes"),"Monitor later",IF(AND('Patient Health Records'!AI18="Critical",'Patient Health Records'!AH18="No"),"Ask for readmission","No action"))) -> No action | W18: =_xlfn.XLOOKUP('Patient Demographics'!N18,Facts!$B$2:$B$10,Facts!$A$2:$A$10,FALSE) -> Tamil Nadu | X18: =LEFT(C18,FIND(" ",C18)) -> Aditya | Y18: {=_xlfn.TEXTSPLIT(C18," ")} -> Aditya | Z18: Patel
A19: PID0018 | B19: Riya Kumar Gupta | C19: =TRIM(B19) -> Riya Kumar Gupta | D19: =_xlfn.CONCAT(A19,"_",Y19,".pdf") -> PID0018_Riya.pdf | E19: Female | F19: 31/12/1968 | G19: =DATEVALUE(F19) -> 25203 | H19: =YEAR(G19) -> 1968 | I19: =2026-H19 -> 58 | J19: {=_xlfn.IFS(AND(I19>20,I19<=30),"Young adult",AND(I19>30,I19<=45),"Adult",AND(I19>45,I19<=60),"Senior",AND(I19>60,I19<90),"super senior",TRUE,"Died")} -> Senior | K19: 3 | L19: Karnataka | M19: East | N19: =VLOOKUP(L19,Facts!$A$2:$B$10,2,FALSE) -> South | Q19: =IF(AND(K19<=5,'Billing Details'!H19>=10000),"High Priority","Regularfollowup") -> Regularfollowup | T19: =IF(AND(Q19="High Priority",'Patient Health Records'!AH19="Yes",'Patient Health Records'!AI19="Critical"), "Need Immediate attention", IF(AND('Patient Health Records'!AI19<>"Critical", 'Patient Health Records'!AH19="Yes"),"Monitor later",IF(AND('Patient Health Records'!AI19="Critical",'Patient Health Records'!AH19="No"),"Ask for readmission","No action"))) -> Ask for readmission | W19: =_xlfn.XLOOKUP('Patient Demographics'!N19,Facts!$B$2:$B$10,Facts!$A$2:$A$10,FALSE) -> Tamil Nadu | X19: =LEFT(C19,FIND(" ",C19)) -> Riya | Y19: {=_xlfn.TEXTSPLIT(C19," ")} -> Riya | Z19: Kumar | AA19: Gupta
A20: PID0019 | B20: Shreya Sharma | C20: =TRIM(B20) -> Shreya Sharma | D20: =_xlfn.CONCAT(A20,"_",Y20,".pdf") -> PID0019_Shreya.pdf | E20: Female | F20: 31/12/1981 | G20: =DATEVALUE(F20) -> 29951 | H20: =YEAR(G20) -> 1981 | I20: =2026-H20 -> 45 | J20: {=_xlfn.IFS(AND(I20>20,I20<=30),"Young adult",AND(I20>30,I20<=45),"Adult",AND(I20>45,I20<=60),"Senior",AND(I20>60,I20<90),"super senior",TRUE,"Died")} -> Adult | K20: 4 | L20: Karnataka | M20: South | N20: =VLOOKUP(L20,Facts!$A$2:$B$10,2,FALSE) -> South | Q20: =IF(AND(K20<=5,'Billing Details'!H20>=10000),"High Priority","Regularfollowup") -> Regularfollowup | T20: =IF(AND(Q20="High Priority",'Patient Health Records'!AH20="Yes",'Patient Health Records'!AI20="Critical"), "Need Immediate attention", IF(AND('Patient Health Records'!AI20<>"Critical", 'Patient Health Records'!AH20="Yes"),"Monitor later",IF(AND('Patient Health Records'!AI20="Critical",'Patient Health Records'!AH20="No"),"Ask for readmission","No action"))) -> No action | W20: =_xlfn.XLOOKUP('Patient Demographics'!N20,Facts!$B$2:$B$10,Facts!$A$2:$A$10,FALSE) -> Tamil Nadu | X20: =LEFT(C20,FIND(" ",C20)) -> Shreya | Y20: {=_xlfn.TEXTSPLIT(C20," ")} -> Shreya | Z20: Sharma
A21: PID0020 | B21: Krishna Patel | C21: =TRIM(B21) -> Krishna Patel | D21: =_xlfn.CONCAT(A21,"_",Y21,".pdf") -> PID0020_Krishna.pdf | E21: Male | F21: 31-12-1968 | G21: =DATEVALUE(F21) -> 25203 | H21: =YEAR(G21) -> 1968 | I21: =2026-H21 -> 58 | J21: {=_xlfn.IFS(AND(I21>20,I21<=30),"Young adult",AND(I21>30,I21<=45),"Adult",AND(I21>45,I21<=60),"Senior",AND(I21>60,I21<90),"super senior",TRUE,"Died")} -> Senior | K21: 15 | L21: Maharashtra | M21: West | N21: =VLOOKUP(L21,Facts!$A$2:$B$10,2,FALSE) -> West | Q21: =IF(AND(K21<=5,'Billing Details'!H21>=10000),"High Priority","Regularfollowup") -> Regularfollowup | T21: =IF(AND(Q21="High Priority",'Patient Health Records'!AH21="Yes",'Patient Health Records'!AI21="Critical"), "Need Immediate attention", IF(AND('Patient Health Records'!AI21<>"Critical", 'Patient Health Records'!AH21="Yes"),"Monitor later",IF(AND('Patient Health Records'!AI21="Critical",'Patient Health Records'!AH21="No"),"Ask for readmission","No action"))) -> No action | W21: =_xlfn.XLOOKUP('Patient Demographics'!N21,Facts!$B$2:$B$10,Facts!$A$2:$A$10,FALSE) -> Maharashtra | X21: =LEFT(C21,FIND(" ",C21)) -> Krishna | Y21: {=_xlfn.TEXTSPLIT(C21," ")} -> Krishna | Z21: Patel
A22: PID0021 | B22: Aanya Reddy | C22: =TRIM(B22) -> Aanya Reddy | D22: =_xlfn.CONCAT(A22,"_",Y22,".pdf") -> PID0021_Aanya.pdf | E22: Female | F22: 31/12/1980 | G22: =DATEVALUE(F22) -> 29586 | H22: =YEAR(G22) -> 1980 | I22: =2026-H22 -> 46 | J22: {=_xlfn.IFS(AND(I22>20,I22<=30),"Young adult",AND(I22>30,I22<=45),"Adult",AND(I22>45,I22<=60),"Senior",AND(I22>60,I22<90),"super senior",TRUE,"Died")} -> Senior | K22: 30 | L22: Punjab | M22: North | N22: =VLOOKUP(L22,Facts!$A$2:$B$10,2,FALSE) -> North | Q22: =IF(AND(K22<=5,'Billing Details'!H22>=10000),"High Priority","Regularfollowup") -> Regularfollowup | T22: =IF(AND(Q22="High Priority",'Patient Health Records'!AH22="Yes",'Patient Health Records'!AI22="Critical"), "Need Immediate attention", IF(AND('Patient Health Records'!AI22<>"Critical", 'Patient Health Records'!AH22="Yes"),"Monitor later",IF(AND('Patient Health Records'!AI22="Critical",'Patient Health Records'!AH22="No"),"Ask for readmission","No action"))) -> No action | W22: =_xlfn.XLOOKUP('Patient Demographics'!N22,Facts!$B$2:$B$10,Facts!$A$2:$A$10,FALSE) -> Punjab | X22: =LEFT(C22,FIND(" ",C22)) -> Aanya | Y22: {=_xlfn.TEXTSPLIT(C22," ")} -> Aanya | Z22: Reddy
A23: PID0022 | B23: Diya Reddy | C23: =TRIM(B23) -> Diya Reddy | D23: =_xlfn.CONCAT(A23,"_",Y23,".pdf") -> PID0022_Diya.pdf | E23: Female | F23: 31/12/1978 | G23: =DATEVALUE(F23) -> 28855 | H23: =YEAR(G23) -> 1978 | I23: =2026-H23 -> 48 | J23: {=_xlfn.IFS(AND(I23>20,I23<=30),"Young adult",AND(I23>30,I23<=45),"Adult",AND(I23>45,I23<=60),"Senior",AND(I23>60,I23<90),"super senior",TRUE,"Died")} -> Senior | K23: 2 | L23: Karnataka | M23: South | N23: =VLOOKUP(L23,Facts!$A$2:$B$10,2,FALSE) -> South | Q23: =IF(AND(K23<=5,'Billing Details'!H23>=10000),"High Priority","Regularfollowup") -> High Priority | T23: =IF(AND(Q23="High Priority",'Patient Health Records'!AH23="Yes",'Patient Health Records'!AI23="Critical"), "Need Immediate attention", IF(AND('Patient Health Records'!AI23<>"Critical", 'Patient Health Records'!AH23="Yes"),"Monitor later",IF(AND('Patient Health Records'!AI23="Critical",'Patient Health Records'!AH23="No"),"Ask for readmission","No action"))) -> Monitor later | W23: =_xlfn.XLOOKUP('Patient Demographics'!N23,Facts!$B$2:$B$10,Facts!$A$2:$A$10,FALSE) -> Tamil Nadu | X23: =LEFT(C23,FIND(" ",C23)) -> Diya | Y23: {=_xlfn.TEXTSPLIT(C23," ")} -> Diya | Z23: Reddy
A24: PID0023 | B24: Vivaan Dev Sharma | C24: =TRIM(B24) -> Vivaan Dev Sharma | D24: =_xlfn.CONCAT(A24,"_",Y24,".pdf") -> PID0023_Vivaan.pdf | E24: Male | F24: 31/12/1968 | G24: =DATEVALUE(F24) -> 25203 | H24: =YEAR(G24) -> 1968 | I24: =2026-H24 -> 58 | J24: {=_xlfn.IFS(AND(I24>20,I24<=30),"Young adult",AND(I24>30,I24<=45),"Adult",AND(I24>45,I24<=60),"Senior",AND(I24>60,I24<90),"super senior",TRUE,"Died")} -> Senior | K24: 40 | L24: Karnataka | M24: South | N24: =VLOOKUP(L24,Facts!$A$2:$B$10,2,FALSE) -> South | Q24: =IF(AND(K24<=5,'Billing Details'!H24>=10000),"High Priority","Regularfollowup") -> Regularfollowup | T24: =IF(AND(Q24="High Priority",'Patient Health Records'!AH24="Yes",'Patient Health Records'!AI24="Critical"), "Need Immediate attention", IF(AND('Patient Health Records'!AI24<>"Critical", 'Patient Health Records'!AH24="Yes"),"Monitor later",IF(AND('Patient Health Records'!AI24="Critical",'Patient Health Records'!AH24="No"),"Ask for readmission","No action"))) -> No action | W24: =_xlfn.XLOOKUP('Patient Demographics'!N24,Facts!$B$2:$B$10,Facts!$A$2:$A$10,FALSE) -> Tamil Nadu | X24: =LEFT(C24,FIND(" ",C24)) -> Vivaan | Y24: {=_xlfn.TEXTSPLIT(C24," ")} -> Vivaan | Z24: Dev | AA24: Sharma
A25: PID0024 | B25: Aarav Mehta | C25: =TRIM(B25) -> Aarav Mehta | D25: =_xlfn.CONCAT(A25,"_",Y25,".pdf") -> PID0024_Aarav.pdf | E25: Male | F25: 01/01/1964 | G25: =DATEVALUE(F25) -> 23377 | H25: =YEAR(G25) -> 1964 | I25: =2026-H25 -> 62 | J25: {=_xlfn.IFS(AND(I25>20,I25<=30),"Young adult",AND(I25>30,I25<=45),"Adult",AND(I25>45,I25<=60),"Senior",AND(I25>60,I25<90),"super senior",TRUE,"Died")} -> super senior | K25: 15 | L25: Maharashtra | M25: North | N25: =VLOOKUP(L25,Facts!$A$2:$B$10,2,FALSE) -> West | Q25: =IF(AND(K25<=5,'Billing Details'!H25>=10000),"High Priority","Regularfollowup") -> Regularfollowup | T25: =IF(AND(Q25="High Priority",'Patient Health Records'!AH25="Yes",'Patient Health Records'!AI25="Critical"), "Need Immediate attention", IF(AND('Patient Health Records'!AI25<>"Critical", 'Patient Health Records'!AH25="Yes"),"Monitor later",IF(AND('Patient Health Records'!AI25="Critical",'Patient Health Records'!AH25="No"),"Ask for readmission","No action"))) -> No action | W25: =_xlfn.XLOOKUP('Patient Demographics'!N25,Facts!$B$2:$B$10,Facts!$A$2:$A$10,FALSE) -> Maharashtra | X25: =LEFT(C25,FIND(" ",C25)) -> Aarav | Y25: {=_xlfn.TEXTSPLIT(C25," ")} -> Aarav | Z25: Mehta
A26: PID0025 | B26: Vivaan Kumar Patel | C26: =TRIM(B26) -> Vivaan Kumar Patel | D26: =_xlfn.CONCAT(A26,"_",Y26,".pdf") -> PID0025_Vivaan.pdf | E26: Male | F26: 31/12/1988 | G26: =DATEVALUE(F26) -> 32508 | H26: =YEAR(G26) -> 1988 | I26: =2026-H26 -> 38 | J26: {=_xlfn.IFS(AND(I26>20,I26<=30),"Young adult",AND(I26>30,I26<=45),"Adult",AND(I26>45,I26<=60),"Senior",AND(I26>60,I26<90),"super senior",TRUE,"Died")} -> Adult | K26: 12 | L26: Maharashtra | M26: North | N26: =VLOOKUP(L26,Facts!$A$2:$B$10,2,FALSE) -> West | Q26: =IF(AND(K26<=5,'Billing Details'!H26>=10000),"High Priority","Regularfollowup") -> Regularfollowup | T26: =IF(AND(Q26="High Priority",'Patient Health Records'!AH26="Yes",'Patient Health Records'!AI26="Critical"), "Need Immediate attention", IF(AND('Patient Health Records'!AI26<>"Critical", 'Patient Health Records'!AH26="Yes"),"Monitor later",IF(AND('Patient Health Records'!AI26="Critical",'Patient Health Records'!AH26="No"),"Ask for readmission","No action"))) -> Monitor later | W26: =_xlfn.XLOOKUP('Patient Demographics'!N26,Facts!$B$2:$B$10,Facts!$A$2:$A$10,FALSE) -> Maharashtra | X26: =LEFT(C26,FIND(" ",C26)) -> Vivaan | Y26: {=_xlfn.TEXTSPLIT(C26," ")} -> Vivaan | Z26: Kumar | AA26: Patel
A27: PID0026 | B27: Aanya Priya Reddy | C27: =TRIM(B27) -> Aanya Priya Reddy | D27: =_xlfn.CONCAT(A27,"_",Y27,".pdf") -> PID0026_Aanya.pdf | E27: Female | F27: 31/12/1968 | G27: =DATEVALUE(F27) -> 25203 | H27: =YEAR(G27) -> 1968 | I27: =2026-H27 -> 58 | J27: {=_xlfn.IFS(AND(I27>20,I27<=30),"Young adult",AND(I27>30,I27<=45),"Adult",AND(I27>45,I27<=60),"Senior",AND(I27>60,I27<90),"super senior",TRUE,"Died")} -> Senior | K27: 2 | L27: Uttar Pradesh | M27: North | N27: =VLOOKUP(L27,Facts!$A$2:$B$10,2,FALSE) -> North | Q27: =IF(AND(K27<=5,'Billing Details'!H27>=10000),"High Priority","Regularfollowup") -> High Priority | T27: =IF(AND(Q27="High Priority",'Patient Health Records'!AH27="Yes",'Patient Health Records'!AI27="Critical"), "Need Immediate attention", IF(AND('Patient Health Records'!AI27<>"Critical", 'Patient Health Records'!AH27="Yes"),"Monitor later",IF(AND('Patient Health Records'!AI27="Critical",'Patient Health Records'!AH27="No"),"Ask for readmission","No action"))) -> No action | W27: =_xlfn.XLOOKUP('Patient Demographics'!N27,Facts!$B$2:$B$10,Facts!$A$2:$A$10,FALSE) -> Punjab | X27: =LEFT(C27,FIND(" ",C27)) -> Aanya | Y27: {=_xlfn.TEXTSPLIT(C27," ")} -> Aanya | Z27: Priya | AA27: Reddy
A28: PID0027 | B28: Riya Mehta | C28: =TRIM(B28) -> Riya Mehta | D28: =_xlfn.CONCAT(A28,"_",Y28,".pdf") -> PID0027_Riya.pdf | E28: Female | F28: 31-12-1978 | G28: =DATEVALUE(F28) -> 28855 | H28: =YEAR(G28) -> 1978 | I28: =2026-H28 -> 48 | J28: {=_xlfn.IFS(AND(I28>20,I28<=30),"Young adult",AND(I28>30,I28<=45),"Adult",AND(I28>45,I28<=60),"Senior",AND(I28>60,I28<90),"super senior",TRUE,"Died")} -> Senior | L28: Gujarat | M28: East | N28: =VLOOKUP(L28,Facts!$A$2:$B$10,2,FALSE) -> West | Q28: =IF(AND(K28<=5,'Billing Details'!H28>=10000),"High Priority","Regularfollowup") -> High Priority | T28: =IF(AND(Q28="High Priority",'Patient Health Records'!AH28="Yes",'Patient Health Records'!AI28="Critical"), "Need Immediate attention", IF(AND('Patient Health Records'!AI28<>"Critical", 'Patient Health Records'!AH28="Yes"),"Monitor later",IF(AND('Patient Health Records'!AI28="Critical",'Patient Health Records'!AH28="No"),"Ask for readmission","No action"))) -> Need Immediate attention | W28: =_xlfn.XLOOKUP('Patient Demographics'!N28,Facts!$B$2:$B$10,Facts!$A$2:$A$10,FALSE) -> Maharashtra | X28: =LEFT(C28,FIND(" ",C28)) -> Riya | Y28: {=_xlfn.TEXTSPLIT(C28," ")} -> Riya | Z28: Mehta
A29: PID0028 | B29: Aarav Sharma | C29: =TRIM(B29) -> Aarav Sharma | D29: =_xlfn.CONCAT(A29,"_",Y29,".pdf") -> PID0028_Aarav.pdf | E29: Male | F29: 31/12/1993 | G29: =DATEVALUE(F29) -> 34334 | H29: =YEAR(G29) -> 1993 | I29: =2026-H29 -> 33 | J29: {=_xlfn.IFS(AND(I29>20,I29<=30),"Young adult",AND(I29>30,I29<=45),"Adult",AND(I29>45,I29<=60),"Senior",AND(I29>60,I29<90),"super senior",TRUE,"Died")} -> Adult | K29: 25 | L29: Karnataka | M29: West | N29: =VLOOKUP(L29,Facts!$A$2:$B$10,2,FALSE) -> South | Q29: =IF(AND(K29<=5,'Billing Details'!H29>=10000),"High Priority","Regularfollowup") -> Regularfollowup | T29: =IF(AND(Q29="High Priority",'Patient Health Records'!AH29="Yes",'Patient Health Records'!AI29="Critical"), "Need Immediate attention", IF(AND('Patient Health Records'!AI29<>"Critical", 'Patient Health Records'!AH29="Yes"),"Monitor later",IF(AND('Patient Health Records'!AI29="Critical",'Patient Health Records'!AH29="No"),"Ask for readmission","No action"))) -> Monitor later | W29: =_xlfn.XLOOKUP('Patient Demographics'!N29,Facts!$B$2:$B$10,Facts!$A$2:$A$10,FALSE) -> Tamil Nadu | X29: =LEFT(C29,FIND(" ",C29)) -> Aarav | Y29: {=_xlfn.TEXTSPLIT(C29," ")} -> Aarav | Z29: Sharma
A30: PID0029 | B30: Krishna Sharma | C30: =TRIM(B30) -> Krishna Sharma | D30: =_xlfn.CONCAT(A30,"_",Y30,".pdf") -> PID0029_Krishna.pdf | E30: Male | F30: 31/12/1988 | G30: =DATEVALUE(F30) -> 32508 | H30: =YEAR(G30) -> 1988 | I30: =2026-H30 -> 38 | J30: {=_xlfn.IFS(AND(I30>20,I30<=30),"Young adult",AND(I30>30,I30<=45),"Adult",AND(I30>45,I30<=60),"Senior",AND(I30>60,I30<90),"super senior",TRUE,"Died")} -> Adult | K30: 2 | L30: Uttar Pradesh | M30: West | N30: =VLOOKUP(L30,Facts!$A$2:$B$10,2,FALSE) -> North | Q30: =IF(AND(K30<=5,'Billing Details'!H30>=10000),"High Priority","Regularfollowup") -> Regularfollowup | T30: =IF(AND(Q30="High Priority",'Patient Health Records'!AH30="Yes",'Patient Health Records'!AI30="Critical"), "Need Immediate attention", IF(AND('Patient Health Records'!AI30<>"Critical", 'Patient Health Records'!AH30="Yes"),"Monitor later",IF(AND('Patient Health Records'!AI30="Critical",'Patient Health Records'!AH30="No"),"Ask for readmission","No action"))) -> Monitor later | W30: =_xlfn.XLOOKUP('Patient Demographics'!N30,Facts!$B$2:$B$10,Facts!$A$2:$A$10,FALSE) -> Punjab | X30: =LEFT(C30,FIND(" ",C30)) -> Krishna | Y30: {=_xlfn.TEXTSPLIT(C30," ")} -> Krishna | Z30: Sharma
A31: PID0030 | B31: Aanya Priya Reddy | C31: =TRIM(B31) -> Aanya Priya Reddy | D31: =_xlfn.CONCAT(A31,"_",Y31,".pdf") -> PID0030_Aanya.pdf | E31: Female | F31: 31/12/1998 | G31: =DATEVALUE(F31) -> 36160 | H31: =YEAR(G31) -> 1998 | I31: =2026-H31 -> 28 | J31: {=_xlfn.IFS(AND(I31>20,I31<=30),"Young adult",AND(I31>30,I31<=45),"Adult",AND(I31>45,I31<=60),"Senior",AND(I31>60,I31<90),"super senior",TRUE,"Died")} -> Young adult | K31: 30 | L31: Uttar Pradesh | M31: East | N31: =VLOOKUP(L31,Facts!$A$2:$B$10,2,FALSE) -> North | Q31: =IF(AND(K31<=5,'Billing Details'!H31>=10000),"High Priority","Regularfollowup") -> Regularfollowup | T31: =IF(AND(Q31="High Priority",'Patient Health Records'!AH31="Yes",'Patient Health Records'!AI31="Critical"), "Need Immediate attention", IF(AND('Patient Health Records'!AI31<>"Critical", 'Patient Health Records'!AH31="Yes"),"Monitor later",IF(AND('Patient Health Records'!AI31="Critical",'Patient Health Records'!AH31="No"),"Ask for readmission","No action"))) -> No action | W31: =_xlfn.XLOOKUP('Patient Demographics'!N31,Facts!$B$2:$B$10,Facts!$A$2:$A$10,FALSE) -> Punjab | X31: =LEFT(C31,FIND(" ",C31)) -> Aanya | Y31: {=_xlfn.TEXTSPLIT(C31," ")} -> Aanya | Z31: Priya | AA31: Reddy
A32: PID0031 | B32: Shreya Sharma | C32: =TRIM(B32) -> Shreya Sharma | D32: =_xlfn.CONCAT(A32,"_",Y32,".pdf") -> PID0031_Shreya.pdf | E32: Female | F32: 31/12/1981 | G32: =DATEVALUE(F32) -> 29951 | H32: =YEAR(G32) -> 1981 | I32: =2026-H32 -> 45 | J32: {=_xlfn.IFS(AND(I32>20,I32<=30),"Young adult",AND(I32>30,I32<=45),"Adult",AND(I32>45,I32<=60),"Senior",AND(I32>60,I32<90),"super senior",TRUE,"Died")} -> Adult | K32: 1 | L32: Uttar Pradesh | M32: North | N32: =VLOOKUP(L32,Facts!$A$2:$B$10,2,FALSE) -> North | Q32: =IF(AND(K32<=5,'Billing Details'!H32>=10000),"High Priority","Regularfollowup") -> High Priority | T32: =IF(AND(Q32="High Priority",'Patient Health Records'!AH32="Yes",'Patient Health Records'!AI32="Critical"), "Need Immediate attention", IF(AND('Patient Health Records'!AI32<>"Critical", 'Patient Health Records'!AH32="Yes"),"Monitor later",IF(AND('Patient Health Records'!AI32="Critical",'Patient Health Records'!AH32="No"),"Ask for readmission","No action"))) -> Ask for readmission | W32: =_xlfn.XLOOKUP('Patient Demographics'!N32,Facts!$B$2:$B$10,Facts!$A$2:$A$10,FALSE) -> Punjab | X32: =LEFT(C32,FIND(" ",C32)) -> Shreya | Y32: {=_xlfn.TEXTSPLIT(C32," ")} -> Shreya | Z32: Sharma
A33: PID0032 | B33: Isha Gupta | C33: =TRIM(B33) -> Isha Gupta | D33: =_xlfn.CONCAT(A33,"_",Y33,".pdf") -> PID0032_Isha.pdf | E33: Female | F33: 31/12/1973 | G33: =DATEVALUE(F33) -> 27029 | H33: =YEAR(G33) -> 1973 | I33: =2026-H33 -> 53 | J33: {=_xlfn.IFS(AND(I33>20,I33<=30),"Young adult",AND(I33>30,I33<=45),"Adult",AND(I33>45,I33<=60),"Senior",AND(I33>60,I33<90),"super senior",TRUE,"Died")} -> Senior | K33: 9 | L33: Tamil Nadu | M33: South | N33: =VLOOKUP(L33,Facts!$A$2:$B$10,2,FALSE) -> South | Q33: =IF(AND(K33<=5,'Billing Details'!H33>=10000),"High Priority","Regularfollowup") -> Regularfollowup | T33: =IF(AND(Q33="High Priority",'Patient Health Records'!AH33="Yes",'Patient Health Records'!AI33="Critical"), "Need Immediate attention", IF(AND('Patient Health Records'!AI33<>"Critical", 'Patient Health Records'!AH33="Yes"),"Monitor later",IF(AND('Patient Health Records'!AI33="Critical",'Patient Health Records'!AH33="No"),"Ask for readmission","No action"))) -> No action | W33: =_xlfn.XLOOKUP('Patient Demographics'!N33,Facts!$B$2:$B$10,Facts!$A$2:$A$10,FALSE) -> Tamil Nadu | X33: =LEFT(C33,FIND(" ",C33)) -> Isha | Y33: {=_xlfn.TEXTSPLIT(C33," ")} -> Isha | Z33: Gupta
A34: PID0033 | B34: Diya Sharma | C34: =TRIM(B34) -> Diya Sharma | D34: =_xlfn.CONCAT(A34,"_",Y34,".pdf") -> PID0033_Diya.pdf | E34: Female | F34: 31/12/1998 | G34: =DATEVALUE(F34) -> 36160 | H34: =YEAR(G34) -> 1998 | I34: =2026-H34 -> 28 | J34: {=_xlfn.IFS(AND(I34>20,I34<=30),"Young adult",AND(I34>30,I34<=45),"Adult",AND(I34>45,I34<=60),"Senior",AND(I34>60,I34<90),"super senior",TRUE,"Died")} -> Young adult | K34: 15 | L34: Maharashtra | M34: West | N34: =VLOOKUP(L34,Facts!$A$2:$B$10,2,FALSE) -> West | Q34: =IF(AND(K34<=5,'Billing Details'!H34>=10000),"High Priority","Regularfollowup") -> Regularfollowup | T34: =IF(AND(Q34="High Priority",'Patient Health Records'!AH34="Yes",'Patient Health Records'!AI34="Critical"), "Need Immediate attention", IF(AND('Patient Health Records'!AI34<>"Critical", 'Patient Health Records'!AH34="Yes"),"Monitor later",IF(AND('Patient Health Records'!AI34="Critical",'Patient Health Records'!AH34="No"),"Ask for readmission","No action"))) -> Monitor later | W34: =_xlfn.XLOOKUP('Patient Demographics'!N34,Facts!$B$2:$B$10,Facts!$A$2:$A$10,FALSE) -> Maharashtra | X34: =LEFT(C34,FIND(" ",C34)) -> Diya | Y34: {=_xlfn.TEXTSPLIT(C34," ")} -> Diya | Z34: Sharma
A35: PID0034 | B35: Aditya Mehta | C35: =TRIM(B35) -> Aditya Mehta | D35: =_xlfn.CONCAT(A35,"_",Y35,".pdf") -> PID0034_Aditya.pdf | E35: Male | F35: 01/01/1984 | G35: =DATEVALUE(F35) -> 30682 | H35: =YEAR(G35) -> 1984 | I35: =2026-H35 -> 42 | J35: {=_xlfn.IFS(AND(I35>20,I35<=30),"Young adult",AND(I35>30,I35<=45),"Adult",AND(I35>45,I35<=60),"Senior",AND(I35>60,I35<90),"super senior",TRUE,"Died")} -> Adult | K35: 15 | L35: Punjab | M35: South | N35: =VLOOKUP(L35,Facts!$A$2:$B$10,2,FALSE) -> North | Q35: =IF(AND(K35<=5,'Billing Details'!H35>=10000),"High Priority","Regularfollowup") -> Regularfollowup | T35: =IF(AND(Q35="High Priority",'Patient Health Records'!AH35="Yes",'Patient Health Records'!AI35="Critical"), "Need Immediate attention", IF(AND('Patient Health Records'!AI35<>"Critical", 'Patient Health Records'!AH35="Yes"),"Monitor later",IF(AND('Patient Health Records'!AI35="Critical",'Patient Health Records'!AH35="No"),"Ask for readmission","No action"))) -> No action | W35: =_xlfn.XLOOKUP('Patient Demographics'!N35,Facts!$B$2:$B$10,Facts!$A$2:$A$10,FALSE) -> Punjab | X35: =LEFT(C35,FIND(" ",C35)) -> Aditya | Y35: {=_xlfn.TEXTSPLIT(C35," ")} -> Aditya | Z35: Mehta
A36: PID0035 | B36: Krishna Sharma | C36: =TRIM(B36) -> Krishna Sharma | D36: =_xlfn.CONCAT(A36,"_",Y36,".pdf") -> PID0035_Krishna.pdf | E36: Male | F36: 01/01/1976 | G36: =DATEVALUE(F36) -> 27760 | H36: =YEAR(G36) -> 1976 | I36: =2026-H36 -> 50 | J36: {=_xlfn.IFS(AND(I36>20,I36<=30),"Young adult",AND(I36>30,I36<=45),"Adult",AND(I36>45,I36<=60),"Senior",AND(I36>60,I36<90),"super senior",TRUE,"Died")} -> Senior | K36: 2 | L36: Uttar Pradesh | M36: East | N36: =VLOOKUP(L36,Facts!$A$2:$B$10,2,FALSE) -> North | Q36: =IF(AND(K36<=5,'Billing Details'!H36>=10000),"High Priority","Regularfollowup") -> Regularfollowup | T36: =IF(AND(Q36="High Priority",'Patient Health Records'!AH36="Yes",'Patient Health Records'!AI36="Critical"), "Need Immediate attention", IF(AND('Patient Health Records'!AI36<>"Critical", 'Patient Health Records'!AH36="Yes"),"Monitor later",IF(AND('Patient Health Records'!AI36="Critical",'Patient Health Records'!AH36="No"),"Ask for readmission","No action"))) -> No action | W36: =_xlfn.XLOOKUP('Patient Demographics'!N36,Facts!$B$2:$B$10,Facts!$A$2:$A$10,FALSE) -> Punjab | X36: =LEFT(C36,FIND(" ",C36)) -> Krishna | Y36: {=_xlfn.TEXTSPLIT(C36," ")} -> Krishna | Z36: Sharma
A37: PID0036 | B37: Riya Gupta | C37: =TRIM(B37) -> Riya Gupta | D37: =_xlfn.CONCAT(A37,"_",Y37,".pdf") -> PID0036_Riya.pdf | E37: Female | F37: 31/12/1968 | G37: =DATEVALUE(F37) -> 25203 | H37: =YEAR(G37) -> 1968 | I37: =2026-H37 -> 58 | J37: {=_xlfn.IFS(AND(I37>20,I37<=30),"Young adult",AND(I37>30,I37<=45),"Adult",AND(I37>45,I37<=60),"Senior",AND(I37>60,I37<90),"super senior",TRUE,"Died")} -> Senior | K37: 4 | L37: Punjab | M37: North | N37: =VLOOKUP(L37,Facts!$A$2:$B$10,2,FALSE) -> North | Q37: =IF(AND(K37<=5,'Billing Details'!H37>=10000),"High Priority","Regularfollowup") -> Regularfollowup | T37: =IF(AND(Q37="High Priority",'Patient Health Records'!AH37="Yes",'Patient Health Records'!AI37="Critical"), "Need Immediate attention", IF(AND('Patient Health Records'!AI37<>"Critical", 'Patient Health Records'!AH37="Yes"),"Monitor later",IF(AND('Patient Health Records'!AI37="Critical",'Patient Health Records'!AH37="No"),"Ask for readmission","No action"))) -> No action | W37: =_xlfn.XLOOKUP('Patient Demographics'!N37,Facts!$B$2:$B$10,Facts!$A$2:$A$10,FALSE) -> Punjab | X37: =LEFT(C37,FIND(" ",C37)) -> Riya | Y37: {=_xlfn.TEXTSPLIT(C37," ")} -> Riya | Z37: Gupta
A38: PID0037 | B38: Aanya Priya Sharma | C38: =TRIM(B38) -> Aanya Priya Sharma | D38: =_xlfn.CONCAT(A38,"_",Y38,".pdf") -> PID0037_Aanya.pdf | E38: Female | F38: 01/01/1964 | G38: =DATEVALUE(F38) -> 23377 | H38: =YEAR(G38) -> 1964 | I38: =2026-H38 -> 62 | J38: {=_xlfn.IFS(AND(I38>20,I38<=30),"Young adult",AND(I38>30,I38<=45),"Adult",AND(I38>45,I38<=60),"Senior",AND(I38>60,I38<90),"super senior",TRUE,"Died")} -> super senior | K38: 5 | L38: Gujarat | M38: South | N38: =VLOOKUP(L38,Facts!$A$2:$B$10,2,FALSE) -> West | Q38: =IF(AND(K38<=5,'Billing Details'!H38>=10000),"High Priority","Regularfollowup") -> High Priority | T38: =IF(AND(Q38="High Priority",'Patient Health Records'!AH38="Yes",'Patient Health Records'!AI38="Critical"), "Need Immediate attention", IF(AND('Patient Health Records'!AI38<>"Critical", 'Patient Health Records'!AH38="Yes"),"Monitor later",IF(AND('Patient Health Records'!AI38="Critical",'Patient Health Records'!AH38="No"),"Ask for readmission","No action"))) -> No action | W38: =_xlfn.XLOOKUP('Patient Demographics'!N38,Facts!$B$2:$B$10,Facts!$A$2:$A$10,FALSE) -> Maharashtra | X38: =LEFT(C38,FIND(" ",C38)) -> Aanya | Y38: {=_xlfn.TEXTSPLIT(C38," ")} -> Aanya | Z38: Priya | AA38: Sharma
A39: PID0038 | B39: Sai Priya Mehta | C39: =TRIM(B39) -> Sai Priya Mehta | D39: =_xlfn.CONCAT(A39,"_",Y39,".pdf") -> PID0038_Sai.pdf | E39: Male | F39: 31-12-1988 | G39: =DATEVALUE(F39) -> 32508 | H39: =YEAR(G39) -> 1988 | I39: =2026-H39 -> 38 | J39: {=_xlfn.IFS(AND(I39>20,I39<=30),"Young adult",AND(I39>30,I39<=45),"Adult",AND(I39>45,I39<=60),"Senior",AND(I39>60,I39<90),"super senior",TRUE,"Died")} -> Adult | K39: 15 | L39: Karnataka | M39: South | N39: =VLOOKUP(L39,Facts!$A$2:$B$10,2,FALSE) -> South | Q39: =IF(AND(K39<=5,'Billing Details'!H39>=10000),"High Priority","Regularfollowup") -> Regularfollowup | T39: =IF(AND(Q39="High Priority",'Patient Health Records'!AH39="Yes",'Patient Health Records'!AI39="Critical"), "Need Immediate attention", IF(AND('Patient Health Records'!AI39<>"Critical", 'Patient Health Records'!AH39="Yes"),"Monitor later",IF(AND('Patient Health Records'!AI39="Critical",'Patient Health Records'!AH39="No"),"Ask for readmission","No action"))) -> No action | W39: =_xlfn.XLOOKUP('Patient Demographics'!N39,Facts!$B$2:$B$10,Facts!$A$2:$A$10,FALSE) -> Tamil Nadu | X39: =LEFT(C39,FIND(" ",C39)) -> Sai | Y39: {=_xlfn.TEXTSPLIT(C39," ")} -> Sai | Z39: Priya | AA39: Mehta
A40: PID0039 | B40: Isha Kumar Sharma | C40: =TRIM(B40) -> Isha Kumar Sharma | D40: =_xlfn.CONCAT(A40,"_",Y40,".pdf") -> PID0039_Isha.pdf | E40: Female | F40: 31/12/1973 | G40: =DATEVALUE(F40) -> 27029 | H40: =YEAR(G40) -> 1973 | I40: =2026-H40 -> 53 | J40: {=_xlfn.IFS(AND(I40>20,I40<=30),"Young adult",AND(I40>30,I40<=45),"Adult",AND(I40>45,I40<=60),"Senior",AND(I40>60,I40<90),"super senior",TRUE,"Died")} -> Senior | K40: 25 | L40: Gujarat | M40: West | N40: =VLOOKUP(L40,Facts!$A$2:$B$10,2,FALSE) -> West | Q40: =IF(AND(K40<=5,'Billing Details'!H40>=10000),"High Priority","Regularfollowup") -> Regularfollowup | T40: =IF(AND(Q40="High Priority",'Patient Health Records'!AH40="Yes",'Patient Health Records'!AI40="Critical"), "Need Immediate attention", IF(AND('Patient Health Records'!AI40<>"Critical", 'Patient Health Records'!AH40="Yes"),"Monitor later",IF(AND('Patient Health Records'!AI40="Critical",'Patient Health Records'!AH40="No"),"Ask for readmission","No action"))) -> No action | W40: =_xlfn.XLOOKUP('Patient Demographics'!N40,Facts!$B$2:$B$10,Facts!$A$2:$A$10,FALSE) -> Maharashtra | X40: =LEFT(C40,FIND(" ",C40)) -> Isha | Y40: {=_xlfn.TEXTSPLIT(C40," ")} -> Isha | Z40: Kumar | AA40: Sharma
A41: PID0040 | B41: Krishna Priya Sharma | C41: =TRIM(B41) -> Krishna Priya Sharma | D41: =_xlfn.CONCAT(A41,"_",Y41,".pdf") -> PID0040_Krishna.pdf | E41: Male | F41: 31-12-1981 | G41: =DATEVALUE(F41) -> 29951 | H41: =YEAR(G41) -> 1981 | I41: =2026-H41 -> 45 | J41: {=_xlfn.IFS(AND(I41>20,I41<=30),"Young adult",AND(I41>30,I41<=45),"Adult",AND(I41>45,I41<=60),"Senior",AND(I41>60,I41<90),"super senior",TRUE,"Died")} -> Adult | K41: 30 | L41: Tamil Nadu | M41: South | N41: =VLOOKUP(L41,Facts!$A$2:$B$10,2,FALSE) -> South | Q41: =IF(AND(K41<=5,'Billing Details'!H41>=10000),"High Priority","Regularfollowup") -> Regularfollowup | T41: =IF(AND(Q41="High Priority",'Patient Health Records'!AH41="Yes",'Patient Health Records'!AI41="Critical"), "Need Immediate attention", IF(AND('Patient Health Records'!AI41<>"Critical", 'Patient Health Records'!AH41="Yes"),"Monitor later",IF(AND('Patient Health Records'!AI41="Critical",'Patient Health Records'!AH41="No"),"Ask for readmission","No action"))) -> Monitor later | W41: =_xlfn.XLOOKUP('Patient Demographics'!N41,Facts!$B$2:$B$10,Facts!$A$2:$A$10,FALSE) -> Tamil Nadu | X41: =LEFT(C41,FIND(" ",C41)) -> Krishna | Y41: {=_xlfn.TEXTSPLIT(C41," ")} -> Krishna | Z41: Priya | AA41: Sharma
A42: PID0041 | B42: Diya Priya Gupta | C42: =TRIM(B42) -> Diya Priya Gupta | D42: =_xlfn.CONCAT(A42,"_",Y42,".pdf") -> PID0041_Diya.pdf | E42: Female | F42: 31-12-1973 | G42: =DATEVALUE(F42) -> 27029 | H42: =YEAR(G42) -> 1973 | I42: =2026-H42 -> 53 | J42: {=_xlfn.IFS(AND(I42>20,I42<=30),"Young adult",AND(I42>30,I42<=45),"Adult",AND(I42>45,I42<=60),"Senior",AND(I42>60,I42<90),"super senior",TRUE,"Died")} -> Senior | K42: 7 | L42: Maharashtra | M42: West | N42: =VLOOKUP(L42,Facts!$A$2:$B$10,2,FALSE) -> West | Q42: =IF(AND(K42<=5,'Billing Details'!H42>=10000),"High Priority","Regularfollowup") -> Regularfollowup | T42: =IF(AND(Q42="High Priority",'Patient Health Records'!AH42="Yes",'Patient Health Records'!AI42="Critical"), "Need Immediate attention", IF(AND('Patient Health Records'!AI42<>"Critical", 'Patient Health Records'!AH42="Yes"),"Monitor later",IF(AND('Patient Health Records'!AI42="Critical",'Patient Health Records'!AH42="No"),"Ask for readmission","No action"))) -> No action | W42: =_xlfn.XLOOKUP('Patient Demographics'!N42,Facts!$B$2:$B$10,Facts!$A$2:$A$10,FALSE) -> Maharashtra | X42: =LEFT(C42,FIND(" ",C42)) -> Diya | Y42: {=_xlfn.TEXTSPLIT(C42," ")} -> Diya | Z42: Priya | AA42: Gupta
A43: PID0042 | B43: Isha Kumar Reddy | C43: =TRIM(B43) -> Isha Kumar Reddy | D43: =_xlfn.CONCAT(A43,"_",Y43,".pdf") -> PID0042_Isha.pdf | E43: Female | F43: 01/01/1964 | G43: =DATEVALUE(F43) -> 23377 | H43: =YEAR(G43) -> 1964 | I43: =2026-H43 -> 62 | J43: {=_xlfn.IFS(AND(I43>20,I43<=30),"Young adult",AND(I43>30,I43<=45),"Adult",AND(I43>45,I43<=60),"Senior",AND(I43>60,I43<90),"super senior",TRUE,"Died")} -> super senior | K43: 12 | L43: Maharashtra | M43: West | N43: =VLOOKUP(L43,Facts!$A$2:$B$10,2,FALSE) -> West | Q43: =IF(AND(K43<=5,'Billing Details'!H43>=10000),"High Priority","Regularfollowup") -> Regularfollowup | T43: =IF(AND(Q43="High Priority",'Patient Health Records'!AH43="Yes",'Patient Health Records'!AI43="Critical"), "Need Immediate attention", IF(AND('Patient Health Records'!AI43<>"Critical", 'Patient Health Records'!AH43="Yes"),"Monitor later",IF(AND('Patient Health Records'!AI43="Critical",'Patient Health Records'!AH43="No"),"Ask for readmission","No action"))) -> Monitor later | W43: =_xlfn.XLOOKUP('Patient Demographics'!N43,Facts!$B$2:$B$10,Facts!$A$2:$A$10,FALSE) -> Maharashtra | X43: =LEFT(C43,FIND(" ",C43)) -> Isha | Y43: {=_xlfn.TEXTSPLIT(C43," ")} -> Isha | Z43: Kumar | AA43: Reddy
A44: PID0043 | B44: Shreya Reddy | C44: =TRIM(B44) -> Shreya Reddy | D44: =_xlfn.CONCAT(A44,"_",Y44,".pdf") -> PID0043_Shreya.pdf | E44: Female | F44: 31/12/1978 | G44: =DATEVALUE(F44) -> 28855 | H44: =YEAR(G44) -> 1978 | I44: =2026-H44 -> 48 | J44: {=_xlfn.IFS(AND(I44>20,I44<=30),"Young adult",AND(I44>30,I44<=45),"Adult",AND(I44>45,I44<=60),"Senior",AND(I44>60,I44<90),"super senior",TRUE,"Died")} -> Senior | K44: 5 | L44: West Bengal | M44: South | N44: =VLOOKUP(L44,Facts!$A$2:$B$10,2,FALSE) -> East | Q44: =IF(AND(K44<=5,'Billing Details'!H44>=10000),"High Priority","Regularfollowup") -> High Priority | T44: =IF(AND(Q44="High Priority",'Patient Health Records'!AH44="Yes",'Patient Health Records'!AI44="Critical"), "Need Immediate attention", IF(AND('Patient Health Records'!AI44<>"Critical", 'Patient Health Records'!AH44="Yes"),"Monitor later",IF(AND('Patient Health Records'!AI44="Critical",'Patient Health Records'!AH44="No"),"Ask for readmission","No action"))) -> Monitor later | W44: =_xlfn.XLOOKUP('Patient Demographics'!N44,Facts!$B$2:$B$10,Facts!$A$2:$A$10,FALSE) -> West Bengal | X44: =LEFT(C44,FIND(" ",C44)) -> Shreya | Y44: {=_xlfn.TEXTSPLIT(C44," ")} -> Shreya | Z44: Reddy
A45: PID0044 | B45: Diya Kumar Sharma | C45: =TRIM(B45) -> Diya Kumar Sharma | D45: =_xlfn.CONCAT(A45,"_",Y45,".pdf") -> PID0044_Diya.pdf | E45: Female | F45: 31-12-1993 | G45: =DATEVALUE(F45) -> 34334 | H45: =YEAR(G45) -> 1993 | I45: =2026-H45 -> 33 | J45: {=_xlfn.IFS(AND(I45>20,I45<=30),"Young adult",AND(I45>30,I45<=45),"Adult",AND(I45>45,I45<=60),"Senior",AND(I45>60,I45<90),"super senior",TRUE,"Died")} -> Adult | K45: 12 | L45: Maharashtra | M45: North | N45: =VLOOKUP(L45,Facts!$A$2:$B$10,2,FALSE) -> West | Q45: =IF(AND(K45<=5,'Billing Details'!H45>=10000),"High Priority","Regularfollowup") -> Regularfollowup | T45: =IF(AND(Q45="High Priority",'Patient Health Records'!AH45="Yes",'Patient Health Records'!AI45="Critical"), "Need Immediate attention", IF(AND('Patient Health Records'!AI45<>"Critical", 'Patient Health Records'!AH45="Yes"),"Monitor later",IF(AND('Patient Health Records'!AI45="Critical",'Patient Health Records'!AH45="No"),"Ask for readmission","No action"))) -> Monitor later | W45: =_xlfn.XLOOKUP('Patient Demographics'!N45,Facts!$B$2:$B$10,Facts!$A$2:$A$10,FALSE) -> Maharashtra | X45: =LEFT(C45,FIND(" ",C45)) -> Diya | Y45: {=_xlfn.TEXTSPLIT(C45," ")} -> Diya | Z45: Kumar | AA45: Sharma
A46: PID0045 | B46: Aarav Dev Reddy | C46: =TRIM(B46) -> Aarav Dev Reddy | D46: =_xlfn.CONCAT(A46,"_",Y46,".pdf") -> PID0045_Aarav.pdf | E46: Male | F46: 31/12/1953 | G46: =DATEVALUE(F46) -> 19724 | H46: =YEAR(G46) -> 1953 | I46: =2026-H46 -> 73 | J46: {=_xlfn.IFS(AND(I46>20,I46<=30),"Young adult",AND(I46>30,I46<=45),"Adult",AND(I46>45,I46<=60),"Senior",AND(I46>60,I46<90),"super senior",TRUE,"Died")} -> super senior | K46: 2 | L46: Uttar Pradesh | M46: South | N46: =VLOOKUP(L46,Facts!$A$2:$B$10,2,FALSE) -> North | Q46: =IF(AND(K46<=5,'Billing Details'!H46>=10000),"High Priority","Regularfollowup") -> Regularfollowup | T46: =IF(AND(Q46="High Priority",'Patient Health Records'!AH46="Yes",'Patient Health Records'!AI46="Critical"), "Need Immediate attention", IF(AND('Patient Health Records'!AI46<>"Critical", 'Patient Health Records'!AH46="Yes"),"Monitor later",IF(AND('Patient Health Records'!AI46="Critical",'Patient Health Records'!AH46="No"),"Ask for readmission","No action"))) -> No action | W46: =_xlfn.XLOOKUP('Patient Demographics'!N46,Facts!$B$2:$B$10,Facts!$A$2:$A$10,FALSE) -> Punjab | X46: =LEFT(C46,FIND(" ",C46)) -> Aarav | Y46: {=_xlfn.TEXTSPLIT(C46," ")} -> Aarav | Z46: Dev | AA46: Reddy
A47: PID0046 | B47: Aanya Sharma | C47: =TRIM(B47) -> Aanya Sharma | D47: =_xlfn.CONCAT(A47,"_",Y47,".pdf") -> PID0046_Aanya.pdf | E47: Female | F47: 31/12/1985 | G47: =DATEVALUE(F47) -> 31412 | H47: =YEAR(G47) -> 1985 | I47: =2026-H47 -> 41 | J47: {=_xlfn.IFS(AND(I47>20,I47<=30),"Young adult",AND(I47>30,I47<=45),"Adult",AND(I47>45,I47<=60),"Senior",AND(I47>60,I47<90),"super senior",TRUE,"Died")} -> Adult | K47: 30 | L47: Kerala | M47: South | N47: =VLOOKUP(L47,Facts!$A$2:$B$10,2,FALSE) -> South | Q47: =IF(AND(K47<=5,'Billing Details'!H47>=10000),"High Priority","Regularfollowup") -> Regularfollowup | T47: =IF(AND(Q47="High Priority",'Patient Health Records'!AH47="Yes",'Patient Health Records'!AI47="Critical"), "Need Immediate attention", IF(AND('Patient Health Records'!AI47<>"Critical", 'Patient Health Records'!AH47="Yes"),"Monitor later",IF(AND('Patient Health Records'!AI47="Critical",'Patient Health Records'!AH47="No"),"Ask for readmission","No action"))) -> No action | W47: =_xlfn.XLOOKUP('Patient Demographics'!N47,Facts!$B$2:$B$10,Facts!$A$2:$A$10,FALSE) -> Tamil Nadu | X47: =LEFT(C47,FIND(" ",C47)) -> Aanya | Y47: {=_xlfn.TEXTSPLIT(C47," ")} -> Aanya | Z47: Sharma
A48: PID0047 | B48: Vivaan Sharma | C48: =TRIM(B48) -> Vivaan Sharma | D48: =_xlfn.CONCAT(A48,"_",Y48,".pdf") -> PID0047_Vivaan.pdf | E48: Male | F48: 31/12/1993 | G48: =DATEVALUE(F48) -> 34334 | H48: =YEAR(G48) -> 1993 | I48: =2026-H48 -> 33 | J48: {=_xlfn.IFS(AND(I48>20,I48<=30),"Young adult",AND(I48>30,I48<=45),"Adult",AND(I48>45,I48<=60),"Senior",AND(I48>60,I48<90),"super senior",TRUE,"Died")} -> Adult | K48: 300 | L48: Tamil Nadu | M48: South | N48: =VLOOKUP(L48,Facts!$A$2:$B$10,2,FALSE) -> South | Q48: =IF(AND(K48<=5,'Billing Details'!H48>=10000),"High Priority","Regularfollowup") -> Regularfollowup | T48: =IF(AND(Q48="High Priority",'Patient Health Records'!AH48="Yes",'Patient Health Records'!AI48="Critical"), "Need Immediate attention", IF(AND('Patient Health Records'!AI48<>"Critical", 'Patient Health Records'!AH48="Yes"),"Monitor later",IF(AND('Patient Health Records'!AI48="Critical",'Patient Health Records'!AH48="No"),"Ask for readmission","No action"))) -> Monitor later | W48: =_xlfn.XLOOKUP('Patient Demographics'!N48,Facts!$B$2:$B$10,Facts!$A$2:$A$10,FALSE) -> Tamil Nadu | X48: =LEFT(C48,FIND(" ",C48)) -> Vivaan | Y48: {=_xlfn.TEXTSPLIT(C48," ")} -> Vivaan | Z48: Sharma
A49: PID0048 | B49: Isha Priya Reddy | C49: =TRIM(B49) -> Isha Priya Reddy | D49: =_xlfn.CONCAT(A49,"_",Y49,".pdf") -> PID0048_Isha.pdf | E49: Female | F49: 31/12/1988 | G49: =DATEVALUE(F49) -> 32508 | H49: =YEAR(G49) -> 1988 | I49: =2026-H49 -> 38 | J49: {=_xlfn.IFS(AND(I49>20,I49<=30),"Young adult",AND(I49>30,I49<=45),"Adult",AND(I49>45,I49<=60),"Senior",AND(I49>60,I49<90),"super senior",TRUE,"Died")} -> Adult | K49: 25 | L49: Gujarat | M49: West | N49: =VLOOKUP(L49,Facts!$A$2:$B$10,2,FALSE) -> West | Q49: =IF(AND(K49<=5,'Billing Details'!H49>=10000),"High Priority","Regularfollowup") -> Regularfollowup | T49: =IF(AND(Q49="High Priority",'Patient Health Records'!AH49="Yes",'Patient Health Records'!AI49="Critical"), "Need Immediate attention", IF(AND('Patient Health Records'!AI49<>"Critical", 'Patient Health Records'!AH49="Yes"),"Monitor later",IF(AND('Patient Health Records'!AI49="Critical",'Patient Health Records'!AH49="No"),"Ask for readmission","No action"))) -> No action | W49: =_xlfn.XLOOKUP('Patient Demographics'!N49,Facts!$B$2:$B$10,Facts!$A$2:$A$10,FALSE) -> Maharashtra | X49: =LEFT(C49,FIND(" ",C49)) -> Isha | Y49: {=_xlfn.TEXTSPLIT(C49," ")} -> Isha | Z49: Priya | AA49: Reddy
A50: PID0049 | B50: Sai Patel | C50: =TRIM(B50) -> Sai Patel | D50: =_xlfn.CONCAT(A50,"_",Y50,".pdf") -> PID0049_Sai.pdf | E50: Male | F50: 31-12-1973 | G50: =DATEVALUE(F50) -> 27029 | H50: =YEAR(G50) -> 1973 | I50: =2026-H50 -> 53 | J50: {=_xlfn.IFS(AND(I50>20,I50<=30),"Young adult",AND(I50>30,I50<=45),"Adult",AND(I50>45,I50<=60),"Senior",AND(I50>60,I50<90),"super senior",TRUE,"Died")} -> Senior | K50: 20 | L50: Kerala | M50: South | N50: =VLOOKUP(L50,Facts!$A$2:$B$10,2,FALSE) -> South | Q50: =IF(AND(K50<=5,'Billing Details'!H50>=10000),"High Priority","Regularfollowup") -> Regularfollowup | T50: =IF(AND(Q50="High Priority",'Patient Health Records'!AH50="Yes",'Patient Health Records'!AI50="Critical"), "Need Immediate attention", IF(AND('Patient Health Records'!AI50<>"Critical", 'Patient Health Records'!AH50="Yes"),"Monitor later",IF(AND('Patient Health Records'!AI50="Critical",'Patient Health Records'!AH50="No"),"Ask for readmission","No action"))) -> No action | W50: =_xlfn.XLOOKUP('Patient Demographics'!N50,Facts!$B$2:$B$10,Facts!$A$2:$A$10,FALSE) -> Tamil Nadu | X50: =LEFT(C50,FIND(" ",C50)) -> Sai | Y50: {=_xlfn.TEXTSPLIT(C50," ")} -> Sai | Z50: Patel
A51: PID0050 | B51: Isha Gupta | C51: =TRIM(B51) -> Isha Gupta | D51: =_xlfn.CONCAT(A51,"_",Y51,".pdf") -> PID0050_Isha.pdf | E51: Female | F51: 31/12/1968 | G51: =DATEVALUE(F51) -> 25203 | H51: =YEAR(G51) -> 1968 | I51: =2026-H51 -> 58 | J51: {=_xlfn.IFS(AND(I51>20,I51<=30),"Young adult",AND(I51>30,I51<=45),"Adult",AND(I51>45,I51<=60),"Senior",AND(I51>60,I51<90),"super senior",TRUE,"Died")} -> Senior | K51: 4 | L51: West Bengal | M51: North | N51: =VLOOKUP(L51,Facts!$A$2:$B$10,2,FALSE) -> East | Q51: =IF(AND(K51<=5,'Billing Details'!H51>=10000),"High Priority","Regularfollowup") -> High Priority | T51: =IF(AND(Q51="High Priority",'Patient Health Records'!AH51="Yes",'Patient Health Records'!AI51="Critical"), "Need Immediate attention", IF(AND('Patient Health Records'!AI51<>"Critical", 'Patient Health Records'!AH51="Yes"),"Monitor later",IF(AND('Patient Health Records'!AI51="Critical",'Patient Health Records'!AH51="No"),"Ask for readmission","No action"))) -> Ask for readmission | W51: =_xlfn.XLOOKUP('Patient Demographics'!N51,Facts!$B$2:$B$10,Facts!$A$2:$A$10,FALSE) -> West Bengal | X51: =LEFT(C51,FIND(" ",C51)) -> Isha | Y51: {=_xlfn.TEXTSPLIT(C51," ")} -> Isha | Z51: Gupta
A52: PID0051 | B52: Vivaan Mehta | C52: =TRIM(B52) -> Vivaan Mehta | D52: =_xlfn.CONCAT(A52,"_",Y52,".pdf") -> PID0051_Vivaan.pdf | E52: Male | F52: 01-01-1964 | G52: =DATEVALUE(F52) -> 23377 | H52: =YEAR(G52) -> 1964 | I52: =2026-H52 -> 62 | J52: {=_xlfn.IFS(AND(I52>20,I52<=30),"Young adult",AND(I52>30,I52<=45),"Adult",AND(I52>45,I52<=60),"Senior",AND(I52>60,I52<90),"super senior",TRUE,"Died")} -> super senior | K52: 9 | L52: Gujarat | M52: South | N52: =VLOOKUP(L52,Facts!$A$2:$B$10,2,FALSE) -> West | Q52: =IF(AND(K52<=5,'Billing Details'!H52>=10000),"High Priority","Regularfollowup") -> Regularfollowup | T52: =IF(AND(Q52="High Priority",'Patient Health Records'!AH52="Yes",'Patient Health Records'!AI52="Critical"), "Need Immediate attention", IF(AND('Patient Health Records'!AI52<>"Critical", 'Patient Health Records'!AH52="Yes"),"Monitor later",IF(AND('Patient Health Records'!AI52="Critical",'Patient Health Records'!AH52="No"),"Ask for readmission","No action"))) -> Monitor later | W52: =_xlfn.XLOOKUP('Patient Demographics'!N52,Facts!$B$2:$B$10,Facts!$A$2:$A$10,FALSE) -> Maharashtra | X52: =LEFT(C52,FIND(" ",C52)) -> Vivaan | Y52: {=_xlfn.TEXTSPLIT(C52," ")} -> Vivaan | Z52: Mehta
A53: PID0052 | B53: Krishna Mehta | C53: =TRIM(B53) -> Krishna Mehta | D53: =_xlfn.CONCAT(A53,"_",Y53,".pdf") -> PID0052_Krishna.pdf | E53: Male | F53: 01/01/1964 | G53: =DATEVALUE(F53) -> 23377 | H53: =YEAR(G53) -> 1964 | I53: =2026-H53 -> 62 | J53: {=_xlfn.IFS(AND(I53>20,I53<=30),"Young adult",AND(I53>30,I53<=45),"Adult",AND(I53>45,I53<=60),"Senior",AND(I53>60,I53<90),"super senior",TRUE,"Died")} -> super senior | K53: 25 | L53: Gujarat | M53: South | N53: =VLOOKUP(L53,Facts!$A$2:$B$10,2,FALSE) -> West | Q53: =IF(AND(K53<=5,'Billing Details'!H53>=10000),"High Priority","Regularfollowup") -> Regularfollowup | T53: =IF(AND(Q53="High Priority",'Patient Health Records'!AH53="Yes",'Patient Health Records'!AI53="Critical"), "Need Immediate attention", IF(AND('Patient Health Records'!AI53<>"Critical", 'Patient Health Records'!AH53="Yes"),"Monitor later",IF(AND('Patient Health Records'!AI53="Critical",'Patient Health Records'!AH53="No"),"Ask for readmission","No action"))) -> No action | W53: =_xlfn.XLOOKUP('Patient Demographics'!N53,Facts!$B$2:$B$10,Facts!$A$2:$A$10,FALSE) -> Maharashtra | X53: =LEFT(C53,FIND(" ",C53)) -> Krishna | Y53: {=_xlfn.TEXTSPLIT(C53," ")} -> Krishna | Z53: Mehta
A54: PID0053 | B54: Isha Sharma | C54: =TRIM(B54) -> Isha Sharma | D54: =_xlfn.CONCAT(A54,"_",Y54,".pdf") -> PID0053_Isha.pdf | E54: Female | F54: 01/01/1964 | G54: =DATEVALUE(F54) -> 23377 | H54: =YEAR(G54) -> 1964 | I54: =2026-H54 -> 62 | J54: {=_xlfn.IFS(AND(I54>20,I54<=30),"Young adult",AND(I54>30,I54<=45),"Adult",AND(I54>45,I54<=60),"Senior",AND(I54>60,I54<90),"super senior",TRUE,"Died")} -> super senior | K54: 300 | L54: Gujarat | M54: West | N54: =VLOOKUP(L54,Facts!$A$2:$B$10,2,FALSE) -> West | Q54: =IF(AND(K54<=5,'Billing Details'!H54>=10000),"High Priority","Regularfollowup") -> Regularfollowup | T54: =IF(AND(Q54="High Priority",'Patient Health Records'!AH54="Yes",'Patient Health Records'!AI54="Critical"), "Need Immediate attention", IF(AND('Patient Health Records'!AI54<>"Critical", 'Patient Health Records'!AH54="Yes"),"Monitor later",IF(AND('Patient Health Records'!AI54="Critical",'Patient Health Records'!AH54="No"),"Ask for readmission","No action"))) -> No action | W54: =_xlfn.XLOOKUP('Patient Demographics'!N54,Facts!$B$2:$B$10,Facts!$A$2:$A$10,FALSE) -> Maharashtra | X54: =LEFT(C54,FIND(" ",C54)) -> Isha | Y54: {=_xlfn.TEXTSPLIT(C54," ")} -> Isha | Z54: Sharma
A55: PID0054 | B55: Aarav Patel | C55: =TRIM(B55) -> Aarav Patel | D55: =_xlfn.CONCAT(A55,"_",Y55,".pdf") -> PID0054_Aarav.pdf | E55: Male | F55: 01/01/1984 | G55: =DATEVALUE(F55) -> 30682 | H55: =YEAR(G55) -> 1984 | I55: =2026-H55 -> 42 | J55: {=_xlfn.IFS(AND(I55>20,I55<=30),"Young adult",AND(I55>30,I55<=45),"Adult",AND(I55>45,I55<=60),"Senior",AND(I55>60,I55<90),"super senior",TRUE,"Died")} -> Adult | L55: Gujarat | M55: North | N55: =VLOOKUP(L55,Facts!$A$2:$B$10,2,FALSE) -> West | Q55: =IF(AND(K55<=5,'Billing Details'!H55>=10000),"High Priority","Regularfollowup") -> Regularfollowup | T55: =IF(AND(Q55="High Priority",'Patient Health Records'!AH55="Yes",'Patient Health Records'!AI55="Critical"), "Need Immediate attention", IF(AND('Patient Health Records'!AI55<>"Critical", 'Patient Health Records'!AH55="Yes"),"Monitor later",IF(AND('Patient Health Records'!AI55="Critical",'Patient Health Records'!AH55="No"),"Ask for readmission","No action"))) -> Monitor later | W55: =_xlfn.XLOOKUP('Patient Demographics'!N55,Facts!$B$2:$B$10,Facts!$A$2:$A$10,FALSE) -> Maharashtra | X55: =LEFT(C55,FIND(" ",C55)) -> Aarav | Y55: {=_xlfn.TEXTSPLIT(C55," ")} -> Aarav | Z55: Patel
A56: PID0055 | B56: Isha Patel | C56: =TRIM(B56) -> Isha Patel | D56: =_xlfn.CONCAT(A56,"_",Y56,".pdf") -> PID0055_Isha.pdf | E56: Female | F56: 31/12/1978 | G56: =DATEVALUE(F56) -> 28855 | H56: =YEAR(G56) -> 1978 | I56: =2026-H56 -> 48 | J56: {=_xlfn.IFS(AND(I56>20,I56<=30),"Young adult",AND(I56>30,I56<=45),"Adult",AND(I56>45,I56<=60),"Senior",AND(I56>60,I56<90),"super senior",TRUE,"Died")} -> Senior | K56: 4 | L56: Punjab | M56: North | N56: =VLOOKUP(L56,Facts!$A$2:$B$10,2,FALSE) -> North | Q56: =IF(AND(K56<=5,'Billing Details'!H56>=10000),"High Priority","Regularfollowup") -> High Priority | T56: =IF(AND(Q56="High Priority",'Patient Health Records'!AH56="Yes",'Patient Health Records'!AI56="Critical"), "Need Immediate attention", IF(AND('Patient Health Records'!AI56<>"Critical", 'Patient Health Records'!AH56="Yes"),"Monitor later",IF(AND('Patient Health Records'!AI56="Critical",'Patient Health Records'!AH56="No"),"Ask for readmission","No action"))) -> Monitor later | W56: =_xlfn.XLOOKUP('Patient Demographics'!N56,Facts!$B$2:$B$10,Facts!$A$2:$A$10,FALSE) -> Punjab | X56: =LEFT(C56,FIND(" ",C56)) -> Isha | Y56: {=_xlfn.TEXTSPLIT(C56," ")} -> Isha | Z56: Patel
A57: PID0056 | B57: Isha Kumar Reddy | C57: =TRIM(B57) -> Isha Kumar Reddy | D57: =_xlfn.CONCAT(A57,"_",Y57,".pdf") -> PID0056_Isha.pdf | E57: Female | F57: 01/01/1964 | G57: =DATEVALUE(F57) -> 23377 | H57: =YEAR(G57) -> 1964 | I57: =2026-H57 -> 62 | J57: {=_xlfn.IFS(AND(I57>20,I57<=30),"Young adult",AND(I57>30,I57<=45),"Adult",AND(I57>45,I57<=60),"Senior",AND(I57>60,I57<90),"super senior",TRUE,"Died")} -> super senior | K57: 2 | L57: Uttar Pradesh | M57: North | N57: =VLOOKUP(L57,Facts!$A$2:$B$10,2,FALSE) -> North | Q57: =IF(AND(K57<=5,'Billing Details'!H57>=10000),"High Priority","Regularfollowup") -> High Priority | T57: =IF(AND(Q57="High Priority",'Patient Health Records'!AH57="Yes",'Patient Health Records'!AI57="Critical"), "Need Immediate attention", IF(AND('Patient Health Records'!AI57<>"Critical", 'Patient Health Records'!AH57="Yes"),"Monitor later",IF(AND('Patient Health Records'!AI57="Critical",'Patient Health Records'!AH57="No"),"Ask for readmission","No action"))) -> No action | W57: =_xlfn.XLOOKUP('Patient Demographics'!N57,Facts!$B$2:$B$10,Facts!$A$2:$A$10,FALSE) -> Punjab | X57: =LEFT(C57,FIND(" ",C57)) -> Isha | Y57: {=_xlfn.TEXTSPLIT(C57," ")} -> Isha | Z57: Kumar | AA57: Reddy
A58: PID0057 | B58: Aarav Reddy | C58: =TRIM(B58) -> Aarav Reddy | D58: =_xlfn.CONCAT(A58,"_",Y58,".pdf") -> PID0057_Aarav.pdf | E58: Male | F58: 01/01/1972 | G58: =DATEVALUE(F58) -> 26299 | H58: =YEAR(G58) -> 1972 | I58: =2026-H58 -> 54 | J58: {=_xlfn.IFS(AND(I58>20,I58<=30),"Young adult",AND(I58>30,I58<=45),"Adult",AND(I58>45,I58<=60),"Senior",AND(I58>60,I58<90),"super senior",TRUE,"Died")} -> Senior | K58: 2 | L58: Punjab | M58: North | N58: =VLOOKUP(L58,Facts!$A$2:$B$10,2,FALSE) -> North | Q58: =IF(AND(K58<=5,'Billing Details'!H58>=10000),"High Priority","Regularfollowup") -> High Priority | T58: =IF(AND(Q58="High Priority",'Patient Health Records'!AH58="Yes",'Patient Health Records'!AI58="Critical"), "Need Immediate attention", IF(AND('Patient Health Records'!AI58<>"Critical", 'Patient Health Records'!AH58="Yes"),"Monitor later",IF(AND('Patient Health Records'!AI58="Critical",'Patient Health Records'!AH58="No"),"Ask for readmission","No action"))) -> Monitor later | W58: =_xlfn.XLOOKUP('Patient Demographics'!N58,Facts!$B$2:$B$10,Facts!$A$2:$A$10,FALSE) -> Punjab | X58: =LEFT(C58,FIND(" ",C58)) -> Aarav | Y58: {=_xlfn.TEXTSPLIT(C58," ")} -> Aarav | Z58: Reddy
A59: PID0058 | B59: Aditya Dev Sharma | C59: =TRIM(B59) -> Aditya Dev Sharma | D59: =_xlfn.CONCAT(A59,"_",Y59,".pdf") -> PID0058_Aditya.pdf | E59: Male | F59: 31/12/1985 | G59: =DATEVALUE(F59) -> 31412 | H59: =YEAR(G59) -> 1985 | I59: =2026-H59 -> 41 | J59: {=_xlfn.IFS(AND(I59>20,I59<=30),"Young adult",AND(I59>30,I59<=45),"Adult",AND(I59>45,I59<=60),"Senior",AND(I59>60,I59<90),"super senior",TRUE,"Died")} -> Adult | K59: 5 | L59: Kerala | M59: West | N59: =VLOOKUP(L59,Facts!$A$2:$B$10,2,FALSE) -> South | Q59: =IF(AND(K59<=5,'Billing Details'!H59>=10000),"High Priority","Regularfollowup") -> High Priority | T59: =IF(AND(Q59="High Priority",'Patient Health Records'!AH59="Yes",'Patient Health Records'!AI59="Critical"), "Need Immediate attention", IF(AND('Patient Health Records'!AI59<>"Critical", 'Patient Health Records'!AH59="Yes"),"Monitor later",IF(AND('Patient Health Records'!AI59="Critical",'Patient Health Records'!AH59="No"),"Ask for readmission","No action"))) -> Monitor later | W59: =_xlfn.XLOOKUP('Patient Demographics'!N59,Facts!$B$2:$B$10,Facts!$A$2:$A$10,FALSE) -> Tamil Nadu | X59: =LEFT(C59,FIND(" ",C59)) -> Aditya | Y59: {=_xlfn.TEXTSPLIT(C59," ")} -> Aditya | Z59: Dev | AA59: Sharma
A60: PID0059 | B60: Isha Patel | C60: =TRIM(B60) -> Isha Patel | D60: =_xlfn.CONCAT(A60,"_",Y60,".pdf") -> PID0059_Isha.pdf | E60: Female | F60: 31/12/1978 | G60: =DATEVALUE(F60) -> 28855 | H60: =YEAR(G60) -> 1978 | I60: =2026-H60 -> 48 | J60: {=_xlfn.IFS(AND(I60>20,I60<=30),"Young adult",AND(I60>30,I60<=45),"Adult",AND(I60>45,I60<=60),"Senior",AND(I60>60,I60<90),"super senior",TRUE,"Died")} -> Senior | K60: 20 | L60: Kerala | M60: West | N60: =VLOOKUP(L60,Facts!$A$2:$B$10,2,FALSE) -> South | Q60: =IF(AND(K60<=5,'Billing Details'!H60>=10000),"High Priority","Regularfollowup") -> Regularfollowup | T60: =IF(AND(Q60="High Priority",'Patient Health Records'!AH60="Yes",'Patient Health Records'!AI60="Critical"), "Need Immediate attention", IF(AND('Patient Health Records'!AI60<>"Critical", 'Patient Health Records'!AH60="Yes"),"Monitor later",IF(AND('Patient Health Records'!AI60="Critical",'Patient Health Records'!AH60="No"),"Ask for readmission","No action"))) -> No action | W60: =_xlfn.XLOOKUP('Patient Demographics'!N60,Facts!$B$2:$B$10,Facts!$A$2:$A$10,FALSE) -> Tamil Nadu | X60: =LEFT(C60,FIND(" ",C60)) -> Isha | Y60: {=_xlfn.TEXTSPLIT(C60," ")} -> Isha | Z60: Patel
A61: PID0060 | B61: Vivaan Reddy | C61: =TRIM(B61) -> Vivaan Reddy | D61: =_xlfn.CONCAT(A61,"_",Y61,".pdf") -> PID0060_Vivaan.pdf | E61: Male | F61: 01-01-1984 | G61: =DATEVALUE(F61) -> 30682 | H61: =YEAR(G61) -> 1984 | I61: =2026-H61 -> 42 | J61: {=_xlfn.IFS(AND(I61>20,I61<=30),"Young adult",AND(I61>30,I61<=45),"Adult",AND(I61>45,I61<=60),"Senior",AND(I61>60,I61<90),"super senior",TRUE,"Died")} -> Adult | K61: 1 | L61: Uttar Pradesh | M61: North | N61: =VLOOKUP(L61,Facts!$A$2:$B$10,2,FALSE) -> North | Q61: =IF(AND(K61<=5,'Billing Details'!H61>=10000),"High Priority","Regularfollowup") -> Regularfollowup | T61: =IF(AND(Q61="High Priority",'Patient Health Records'!AH61="Yes",'Patient Health Records'!AI61="Critical"), "Need Immediate attention", IF(AND('Patient Health Records'!AI61<>"Critical", 'Patient Health Records'!AH61="Yes"),"Monitor later",IF(AND('Patient Health Records'!AI61="Critical",'Patient Health Records'!AH61="No"),"Ask for readmission","No action"))) -> Monitor later | W61: =_xlfn.XLOOKUP('Patient Demographics'!N61,Facts!$B$2:$B$10,Facts!$A$2:$A$10,FALSE) -> Punjab | X61: =LEFT(C61,FIND(" ",C61)) -> Vivaan | Y61: {=_xlfn.TEXTSPLIT(C61," ")} -> Vivaan | Z61: Reddy
A62: PID0061 | B62: Aarav Reddy | C62: =TRIM(B62) -> Aarav Reddy | D62: =_xlfn.CONCAT(A62,"_",Y62,".pdf") -> PID0061_Aarav.pdf | E62: Male | F62: 31/12/1988 | G62: =DATEVALUE(F62) -> 32508 | H62: =YEAR(G62) -> 1988 | I62: =2026-H62 -> 38 | J62: {=_xlfn.IFS(AND(I62>20,I62<=30),"Young adult",AND(I62>30,I62<=45),"Adult",AND(I62>45,I62<=60),"Senior",AND(I62>60,I62<90),"super senior",TRUE,"Died")} -> Adult | K62: 15 | L62: Punjab | M62: West | N62: =VLOOKUP(L62,Facts!$A$2:$B$10,2,FALSE) -> North | Q62: =IF(AND(K62<=5,'Billing Details'!H62>=10000),"High Priority","Regularfollowup") -> Regularfollowup | T62: =IF(AND(Q62="High Priority",'Patient Health Records'!AH62="Yes",'Patient Health Records'!AI62="Critical"), "Need Immediate attention", IF(AND('Patient Health Records'!AI62<>"Critical", 'Patient Health Records'!AH62="Yes"),"Monitor later",IF(AND('Patient Health Records'!AI62="Critical",'Patient Health Records'!AH62="No"),"Ask for readmission","No action"))) -> No action | W62: =_xlfn.XLOOKUP('Patient Demographics'!N62,Facts!$B$2:$B$10,Facts!$A$2:$A$10,FALSE) -> Punjab | X62: =LEFT(C62,FIND(" ",C62)) -> Aarav | Y62: {=_xlfn.TEXTSPLIT(C62," ")} -> Aarav | Z62: Reddy
A63: PID0062 | B63: Shreya Mehta | C63: =TRIM(B63) -> Shreya Mehta | D63: =_xlfn.CONCAT(A63,"_",Y63,".pdf") -> PID0062_Shreya.pdf | E63: Female | F63: 31/12/1994 | G63: =DATEVALUE(F63) -> 34699 | H63: =YEAR(G63) -> 1994 | I63: =2026-H63 -> 32 | J63: {=_xlfn.IFS(AND(I63>20,I63<=30),"Young adult",AND(I63>30,I63<=45),"Adult",AND(I63>45,I63<=60),"Senior",AND(I63>60,I63<90),"super senior",TRUE,"Died")} -> Adult | K63: 2 | L63: Uttar Pradesh | M63: South | N63: =VLOOKUP(L63,Facts!$A$2:$B$10,2,FALSE) -> North | Q63: =IF(AND(K63<=5,'Billing Details'!H63>=10000),"High Priority","Regularfollowup") -> High Priority | T63: =IF(AND(Q63="High Priority",'Patient Health Records'!AH63="Yes",'Patient Health Records'!AI63="Critical"), "Need Immediate attention", IF(AND('Patient Health Records'!AI63<>"Critical", 'Patient Health Records'!AH63="Yes"),"Monitor later",IF(AND('Patient Health Records'!AI63="Critical",'Patient Health Records'!AH63="No"),"Ask for readmission","No action"))) -> No action | W63: =_xlfn.XLOOKUP('Patient Demographics'!N63,Facts!$B$2:$B$10,Facts!$A$2:$A$10,FALSE) -> Punjab | X63: =LEFT(C63,FIND(" ",C63)) -> Shreya | Y63: {=_xlfn.TEXTSPLIT(C63," ")} -> Shreya | Z63: Mehta
A64: PID0063 | B64: Aditya Mehta | C64: =TRIM(B64) -> Aditya Mehta | D64: =_xlfn.CONCAT(A64,"_",Y64,".pdf") -> PID0063_Aditya.pdf | E64: Male | F64: 01-01-1984 | G64: =DATEVALUE(F64) -> 30682 | H64: =YEAR(G64) -> 1984 | I64: =2026-H64 -> 42 | J64: {=_xlfn.IFS(AND(I64>20,I64<=30),"Young adult",AND(I64>30,I64<=45),"Adult",AND(I64>45,I64<=60),"Senior",AND(I64>60,I64<90),"super senior",TRUE,"Died")} -> Adult | K64: 40 | L64: Gujarat | M64: South | N64: =VLOOKUP(L64,Facts!$A$2:$B$10,2,FALSE) -> West | Q64: =IF(AND(K64<=5,'Billing Details'!H64>=10000),"High Priority","Regularfollowup") -> Regularfollowup | T64: =IF(AND(Q64="High Priority",'Patient Health Records'!AH64="Yes",'Patient Health Records'!AI64="Critical"), "Need Immediate attention", IF(AND('Patient Health Records'!AI64<>"Critical", 'Patient Health Records'!AH64="Yes"),"Monitor later",IF(AND('Patient Health Records'!AI64="Critical",'Patient Health Records'!AH64="No"),"Ask for readmission","No action"))) -> Monitor later | W64: =_xlfn.XLOOKUP('Patient Demographics'!N64,Facts!$B$2:$B$10,Facts!$A$2:$A$10,FALSE) -> Maharashtra | X64: =LEFT(C64,FIND(" ",C64)) -> Aditya | Y64: {=_xlfn.TEXTSPLIT(C64," ")} -> Aditya | Z64: Mehta
A65: PID0064 | B65: Isha Mehta | C65: =TRIM(B65) -> Isha Mehta | D65: =_xlfn.CONCAT(A65,"_",Y65,".pdf") -> PID0064_Isha.pdf | E65: Female | F65: 31/12/1985 | G65: =DATEVALUE(F65) -> 31412 | H65: =YEAR(G65) -> 1985 | I65: =2026-H65 -> 41 | J65: {=_xlfn.IFS(AND(I65>20,I65<=30),"Young adult",AND(I65>30,I65<=45),"Adult",AND(I65>45,I65<=60),"Senior",AND(I65>60,I65<90),"super senior",TRUE,"Died")} -> Adult | K65: 40 | L65: Gujarat | M65: West | N65: =VLOOKUP(L65,Facts!$A$2:$B$10,2,FALSE) -> West | Q65: =IF(AND(K65<=5,'Billing Details'!H65>=10000),"High Priority","Regularfollowup") -> Regularfollowup | T65: =IF(AND(Q65="High Priority",'Patient Health Records'!AH65="Yes",'Patient Health Records'!AI65="Critical"), "Need Immediate attention", IF(AND('Patient Health Records'!AI65<>"Critical", 'Patient Health Records'!AH65="Yes"),"Monitor later",IF(AND('Patient Health Records'!AI65="Critical",'Patient Health Records'!AH65="No"),"Ask for readmission","No action"))) -> No action | W65: =_xlfn.XLOOKUP('Patient Demographics'!N65,Facts!$B$2:$B$10,Facts!$A$2:$A$10,FALSE) -> Maharashtra | X65: =LEFT(C65,FIND(" ",C65)) -> Isha | Y65: {=_xlfn.TEXTSPLIT(C65," ")} -> Isha | Z65: Mehta
A66: PID0065 | B66: Aarav Singh Reddy | C66: =TRIM(B66) -> Aarav Singh Reddy | D66: =_xlfn.CONCAT(A66,"_",Y66,".pdf") -> PID0065_Aarav.pdf | E66: Male | F66: 31/12/1958 | G66: =DATEVALUE(F66) -> 21550 | H66: =YEAR(G66) -> 1958 | I66: =2026-H66 -> 68 | J66: {=_xlfn.IFS(AND(I66>20,I66<=30),"Young adult",AND(I66>30,I66<=45),"Adult",AND(I66>45,I66<=60),"Senior",AND(I66>60,I66<90),"super senior",TRUE,"Died")} -> super senior | K66: 12 | L66: Gujarat | M66: South | N66: =VLOOKUP(L66,Facts!$A$2:$B$10,2,FALSE) -> West | Q66: =IF(AND(K66<=5,'Billing Details'!H66>=10000),"High Priority","Regularfollowup") -> Regularfollowup | T66: =IF(AND(Q66="High Priority",'Patient Health Records'!AH66="Yes",'Patient Health Records'!AI66="Critical"), "Need Immediate attention", IF(AND('Patient Health Records'!AI66<>"Critical", 'Patient Health Records'!AH66="Yes"),"Monitor later",IF(AND('Patient Health Records'!AI66="Critical",'Patient Health Records'!AH66="No"),"Ask for readmission","No action"))) -> No action | W66: =_xlfn.XLOOKUP('Patient Demographics'!N66,Facts!$B$2:$B$10,Facts!$A$2:$A$10,FALSE) -> Maharashtra | X66: =LEFT(C66,FIND(" ",C66)) -> Aarav | Y66: {=_xlfn.TEXTSPLIT(C66," ")} -> Aarav | Z66: Singh | AA66: Reddy
A67: PID0066 | B67: Shreya Sharma | C67: =TRIM(B67) -> Shreya Sharma | D67: =_xlfn.CONCAT(A67,"_",Y67,".pdf") -> PID0066_Shreya.pdf | E67: Female | F67: 31/12/1988 | G67: =DATEVALUE(F67) -> 32508 | H67: =YEAR(G67) -> 1988 | I67: =2026-H67 -> 38 | J67: {=_xlfn.IFS(AND(I67>20,I67<=30),"Young adult",AND(I67>30,I67<=45),"Adult",AND(I67>45,I67<=60),"Senior",AND(I67>60,I67<90),"super senior",TRUE,"Died")} -> Adult | K67: 20 | L67: Maharashtra | M67: West | N67: =VLOOKUP(L67,Facts!$A$2:$B$10,2,FALSE) -> West | Q67: =IF(AND(K67<=5,'Billing Details'!H67>=10000),"High Priority","Regularfollowup") -> Regularfollowup | T67: =IF(AND(Q67="High Priority",'Patient Health Records'!AH67="Yes",'Patient Health Records'!AI67="Critical"), "Need Immediate attention", IF(AND('Patient Health Records'!AI67<>"Critical", 'Patient Health Records'!AH67="Yes"),"Monitor later",IF(AND('Patient Health Records'!AI67="Critical",'Patient Health Records'!AH67="No"),"Ask for readmission","No action"))) -> No action | W67: =_xlfn.XLOOKUP('Patient Demographics'!N67,Facts!$B$2:$B$10,Facts!$A$2:$A$10,FALSE) -> Maharashtra | X67: =LEFT(C67,FIND(" ",C67)) -> Shreya | Y67: {=_xlfn.TEXTSPLIT(C67," ")} -> Shreya | Z67: Sharma
A68: PID0067 | B68: Krishna Singh Mehta | C68: =TRIM(B68) -> Krishna Singh Mehta | D68: =_xlfn.CONCAT(A68,"_",Y68,".pdf") -> PID0067_Krishna.pdf | E68: Male | F68: 31/12/1938 | G68: =DATEVALUE(F68) -> 14245 | H68: =YEAR(G68) -> 1938 | I68: =2026-H68 -> 88 | J68: {=_xlfn.IFS(AND(I68>20,I68<=30),"Young adult",AND(I68>30,I68<=45),"Adult",AND(I68>45,I68<=60),"Senior",AND(I68>60,I68<90),"super senior",TRUE,"Died")} -> super senior | K68: 4 | L68: Punjab | M68: North | N68: =VLOOKUP(L68,Facts!$A$2:$B$10,2,FALSE) -> North | Q68: =IF(AND(K68<=5,'Billing Details'!H68>=10000),"High Priority","Regularfollowup") -> High Priority | T68: =IF(AND(Q68="High Priority",'Patient Health Records'!AH68="Yes",'Patient Health Records'!AI68="Critical"), "Need Immediate attention", IF(AND('Patient Health Records'!AI68<>"Critical", 'Patient Health Records'!AH68="Yes"),"Monitor later",IF(AND('Patient Health Records'!AI68="Critical",'Patient Health Records'!AH68="No"),"Ask for readmission","No action"))) -> No action | W68: =_xlfn.XLOOKUP('Patient Demographics'!N68,Facts!$B$2:$B$10,Facts!$A$2:$A$10,FALSE) -> Punjab | X68: =LEFT(C68,FIND(" ",C68)) -> Krishna | Y68: {=_xlfn.TEXTSPLIT(C68," ")} -> Krishna | Z68: Singh | AA68: Mehta
A69: PID0068 | B69: Sai Reddy | C69: =TRIM(B69) -> Sai Reddy | D69: =_xlfn.CONCAT(A69,"_",Y69,".pdf") -> PID0068_Sai.pdf | E69: Male | F69: 31/12/1968 | G69: =DATEVALUE(F69) -> 25203 | H69: =YEAR(G69) -> 1968 | I69: =2026-H69 -> 58 | J69: {=_xlfn.IFS(AND(I69>20,I69<=30),"Young adult",AND(I69>30,I69<=45),"Adult",AND(I69>45,I69<=60),"Senior",AND(I69>60,I69<90),"super senior",TRUE,"Died")} -> Senior | K69: 5 | L69: Karnataka | M69: South | N69: =VLOOKUP(L69,Facts!$A$2:$B$10,2,FALSE) -> South | Q69: =IF(AND(K69<=5,'Billing Details'!H69>=10000),"High Priority","Regularfollowup") -> High Priority | T69: =IF(AND(Q69="High Priority",'Patient Health Records'!AH69="Yes",'Patient Health Records'!AI69="Critical"), "Need Immediate attention", IF(AND('Patient Health Records'!AI69<>"Critical", 'Patient Health Records'!AH69="Yes"),"Monitor later",IF(AND('Patient Health Records'!AI69="Critical",'Patient Health Records'!AH69="No"),"Ask for readmission","No action"))) -> No action | W69: =_xlfn.XLOOKUP('Patient Demographics'!N69,Facts!$B$2:$B$10,Facts!$A$2:$A$10,FALSE) -> Tamil Nadu | X69: =LEFT(C69,FIND(" ",C69)) -> Sai | Y69: {=_xlfn.TEXTSPLIT(C69," ")} -> Sai | Z69: Reddy
A70: PID0069 | B70: Aanya Mehta | C70: =TRIM(B70) -> Aanya Mehta | D70: =_xlfn.CONCAT(A70,"_",Y70,".pdf") -> PID0069_Aanya.pdf | E70: Female | F70: 01/01/1964 | G70: =DATEVALUE(F70) -> 23377 | H70: =YEAR(G70) -> 1964 | I70: =2026-H70 -> 62 | J70: {=_xlfn.IFS(AND(I70>20,I70<=30),"Young adult",AND(I70>30,I70<=45),"Adult",AND(I70>45,I70<=60),"Senior",AND(I70>60,I70<90),"super senior",TRUE,"Died")} -> super senior | K70: 50 | L70: Maharashtra | M70: East | N70: =VLOOKUP(L70,Facts!$A$2:$B$10,2,FALSE) -> West | Q70: =IF(AND(K70<=5,'Billing Details'!H70>=10000),"High Priority","Regularfollowup") -> Regularfollowup | T70: =IF(AND(Q70="High Priority",'Patient Health Records'!AH70="Yes",'Patient Health Records'!AI70="Critical"), "Need Immediate attention", IF(AND('Patient Health Records'!AI70<>"Critical", 'Patient Health Records'!AH70="Yes"),"Monitor later",IF(AND('Patient Health Records'!AI70="Critical",'Patient Health Records'!AH70="No"),"Ask for readmission","No action"))) -> No action | W70: =_xlfn.XLOOKUP('Patient Demographics'!N70,Facts!$B$2:$B$10,Facts!$A$2:$A$10,FALSE) -> Maharashtra | X70: =LEFT(C70,FIND(" ",C70)) -> Aanya | Y70: {=_xlfn.TEXTSPLIT(C70," ")} -> Aanya | Z70: Mehta
A71: PID0070 | B71: Riya Reddy | C71: =TRIM(B71) -> Riya Reddy | D71: =_xlfn.CONCAT(A71,"_",Y71,".pdf") -> PID0070_Riya.pdf | E71: Female | F71: 31/12/1993 | G71: =DATEVALUE(F71) -> 34334 | H71: =YEAR(G71) -> 1993 | I71: =2026-H71 -> 33 | J71: {=_xlfn.IFS(AND(I71>20,I71<=30),"Young adult",AND(I71>30,I71<=45),"Adult",AND(I71>45,I71<=60),"Senior",AND(I71>60,I71<90),"super senior",TRUE,"Died")} -> Adult | K71: 0.5 | L71: Uttar Pradesh | M71: North | N71: =VLOOKUP(L71,Facts!$A$2:$B$10,2,FALSE) -> North | Q71: =IF(AND(K71<=5,'Billing Details'!H71>=10000),"High Priority","Regularfollowup") -> High Priority | T71: =IF(AND(Q71="High Priority",'Patient Health Records'!AH71="Yes",'Patient Health Records'!AI71="Critical"), "Need Immediate attention", IF(AND('Patient Health Records'!AI71<>"Critical", 'Patient Health Records'!AH71="Yes"),"Monitor later",IF(AND('Patient Health Records'!AI71="Critical",'Patient Health Records'!AH71="No"),"Ask for readmission","No action"))) -> Monitor later | W71: =_xlfn.XLOOKUP('Patient Demographics'!N71,Facts!$B$2:$B$10,Facts!$A$2:$A$10,FALSE) -> Punjab | X71: =LEFT(C71,FIND(" ",C71)) -> Riya | Y71: {=_xlfn.TEXTSPLIT(C71," ")} -> Riya | Z71: Reddy
A72: PID0071 | B72: Sai Sharma | C72: =TRIM(B72) -> Sai Sharma | D72: =_xlfn.CONCAT(A72,"_",Y72,".pdf") -> PID0071_Sai.pdf | E72: Male | F72: 01/01/1964 | G72: =DATEVALUE(F72) -> 23377 | H72: =YEAR(G72) -> 1964 | I72: =2026-H72 -> 62 | J72: {=_xlfn.IFS(AND(I72>20,I72<=30),"Young adult",AND(I72>30,I72<=45),"Adult",AND(I72>45,I72<=60),"Senior",AND(I72>60,I72<90),"super senior",TRUE,"Died")} -> super senior | K72: 15 | L72: Kerala | M72: South | N72: =VLOOKUP(L72,Facts!$A$2:$B$10,2,FALSE) -> South | Q72: =IF(AND(K72<=5,'Billing Details'!H72>=10000),"High Priority","Regularfollowup") -> Regularfollowup | T72: =IF(AND(Q72="High Priority",'Patient Health Records'!AH72="Yes",'Patient Health Records'!AI72="Critical"), "Need Immediate attention", IF(AND('Patient Health Records'!AI72<>"Critical", 'Patient Health Records'!AH72="Yes"),"Monitor later",IF(AND('Patient Health Records'!AI72="Critical",'Patient Health Records'!AH72="No"),"Ask for readmission","No action"))) -> Monitor later | W72: =_xlfn.XLOOKUP('Patient Demographics'!N72,Facts!$B$2:$B$10,Facts!$A$2:$A$10,FALSE) -> Tamil Nadu | X72: =LEFT(C72,FIND(" ",C72)) -> Sai | Y72: {=_xlfn.TEXTSPLIT(C72," ")} -> Sai | Z72: Sharma
A73: PID0072 | B73: Aanya Sharma | C73: =TRIM(B73) -> Aanya Sharma | D73: =_xlfn.CONCAT(A73,"_",Y73,".pdf") -> PID0072_Aanya.pdf | E73: Female | F73: 31/12/1994 | G73: =DATEVALUE(F73) -> 34699 | H73: =YEAR(G73) -> 1994 | I73: =2026-H73 -> 32 | J73: {=_xlfn.IFS(AND(I73>20,I73<=30),"Young adult",AND(I73>30,I73<=45),"Adult",AND(I73>45,I73<=60),"Senior",AND(I73>60,I73<90),"super senior",TRUE,"Died")} -> Adult | K73: 7 | L73: Maharashtra | M73: West | N73: =VLOOKUP(L73,Facts!$A$2:$B$10,2,FALSE) -> West | Q73: =IF(AND(K73<=5,'Billing Details'!H73>=10000),"High Priority","Regularfollowup") -> Regularfollowup | T73: =IF(AND(Q73="High Priority",'Patient Health Records'!AH73="Yes",'Patient Health Records'!AI73="Critical"), "Need Immediate attention", IF(AND('Patient Health Records'!AI73<>"Critical", 'Patient Health Records'!AH73="Yes"),"Monitor later",IF(AND('Patient Health Records'!AI73="Critical",'Patient Health Records'!AH73="No"),"Ask for readmission","No action"))) -> Ask for readmission | W73: =_xlfn.XLOOKUP('Patient Demographics'!N73,Facts!$B$2:$B$10,Facts!$A$2:$A$10,FALSE) -> Maharashtra | X73: =LEFT(C73,FIND(" ",C73)) -> Aanya | Y73: {=_xlfn.TEXTSPLIT(C73," ")} -> Aanya | Z73: Sharma
A74: PID0073 | B74: Isha Sharma | C74: =TRIM(B74) -> Isha Sharma | D74: =_xlfn.CONCAT(A74,"_",Y74,".pdf") -> PID0073_Isha.pdf | E74: Female | F74: 31/12/1998 | G74: =DATEVALUE(F74) -> 36160 | H74: =YEAR(G74) -> 1998 | I74: =2026-H74 -> 28 | J74: {=_xlfn.IFS(AND(I74>20,I74<=30),"Young adult",AND(I74>30,I74<=45),"Adult",AND(I74>45,I74<=60),"Senior",AND(I74>60,I74<90),"super senior",TRUE,"Died")} -> Young adult | K74: 15 | L74: Gujarat | M74: West | N74: =VLOOKUP(L74,Facts!$A$2:$B$10,2,FALSE) -> West | Q74: =IF(AND(K74<=5,'Billing Details'!H74>=10000),"High Priority","Regularfollowup") -> Regularfollowup | T74: =IF(AND(Q74="High Priority",'Patient Health Records'!AH74="Yes",'Patient Health Records'!AI74="Critical"), "Need Immediate attention", IF(AND('Patient Health Records'!AI74<>"Critical", 'Patient Health Records'!AH74="Yes"),"Monitor later",IF(AND('Patient Health Records'!AI74="Critical",'Patient Health Records'!AH74="No"),"Ask for readmission","No action"))) -> Monitor later | W74: =_xlfn.XLOOKUP('Patient Demographics'!N74,Facts!$B$2:$B$10,Facts!$A$2:$A$10,FALSE) -> Maharashtra | X74: =LEFT(C74,FIND(" ",C74)) -> Isha | Y74: {=_xlfn.TEXTSPLIT(C74," ")} -> Isha | Z74: Sharma
A75: PID0074 | B75: Sai Reddy | C75: =TRIM(B75) -> Sai Reddy | D75: =_xlfn.CONCAT(A75,"_",Y75,".pdf") -> PID0074_Sai.pdf | E75: Male | F75: 31/12/1968 | G75: =DATEVALUE(F75) -> 25203 | H75: =YEAR(G75) -> 1968 | I75: =2026-H75 -> 58 | J75: {=_xlfn.IFS(AND(I75>20,I75<=30),"Young adult",AND(I75>30,I75<=45),"Adult",AND(I75>45,I75<=60),"Senior",AND(I75>60,I75<90),"super senior",TRUE,"Died")} -> Senior | K75: 25 | L75: Tamil Nadu | M75: East | N75: =VLOOKUP(L75,Facts!$A$2:$B$10,2,FALSE) -> South | Q75: =IF(AND(K75<=5,'Billing Details'!H75>=10000),"High Priority","Regularfollowup") -> Regularfollowup | T75: =IF(AND(Q75="High Priority",'Patient Health Records'!AH75="Yes",'Patient Health Records'!AI75="Critical"), "Need Immediate attention", IF(AND('Patient Health Records'!AI75<>"Critical", 'Patient Health Records'!AH75="Yes"),"Monitor later",IF(AND('Patient Health Records'!AI75="Critical",'Patient Health Records'!AH75="No"),"Ask for readmission","No action"))) -> No action | W75: =_xlfn.XLOOKUP('Patient Demographics'!N75,Facts!$B$2:$B$10,Facts!$A$2:$A$10,FALSE) -> Tamil Nadu | X75: =LEFT(C75,FIND(" ",C75)) -> Sai | Y75: {=_xlfn.TEXTSPLIT(C75," ")} -> Sai | Z75: Reddy
A76: PID0075 | B76: Aditya Patel | C76: =TRIM(B76) -> Aditya Patel | D76: =_xlfn.CONCAT(A76,"_",Y76,".pdf") -> PID0075_Aditya.pdf | E76: Male | F76: 31/12/1968 | G76: =DATEVALUE(F76) -> 25203 | H76: =YEAR(G76) -> 1968 | I76: =2026-H76 -> 58 | J76: {=_xlfn.IFS(AND(I76>20,I76<=30),"Young adult",AND(I76>30,I76<=45),"Adult",AND(I76>45,I76<=60),"Senior",AND(I76>60,I76<90),"super senior",TRUE,"Died")} -> Senior | K76: 2 | L76: Tamil Nadu | M76: East | N76: =VLOOKUP(L76,Facts!$A$2:$B$10,2,FALSE) -> South | Q76: =IF(AND(K76<=5,'Billing Details'!H76>=10000),"High Priority","Regularfollowup") -> High Priority | T76: =IF(AND(Q76="High Priority",'Patient Health Records'!AH76="Yes",'Patient Health Records'!AI76="Critical"), "Need Immediate attention", IF(AND('Patient Health Records'!AI76<>"Critical", 'Patient Health Records'!AH76="Yes"),"Monitor later",IF(AND('Patient Health Records'!AI76="Critical",'Patient Health Records'!AH76="No"),"Ask for readmission","No action"))) -> Ask for readmission | W76: =_xlfn.XLOOKUP('Patient Demographics'!N76,Facts!$B$2:$B$10,Facts!$A$2:$A$10,FALSE) -> Tamil Nadu | X76: =LEFT(C76,FIND(" ",C76)) -> Aditya | Y76: {=_xlfn.TEXTSPLIT(C76," ")} -> Aditya | Z76: Patel
A77: PID0076 | B77: Vivaan Mehta | C77: =TRIM(B77) -> Vivaan Mehta | D77: =_xlfn.CONCAT(A77,"_",Y77,".pdf") -> PID0076_Vivaan.pdf | E77: Male | F77: 31/12/1978 | G77: =DATEVALUE(F77) -> 28855 | H77: =YEAR(G77) -> 1978 | I77: =2026-H77 -> 48 | J77: {=_xlfn.IFS(AND(I77>20,I77<=30),"Young adult",AND(I77>30,I77<=45),"Adult",AND(I77>45,I77<=60),"Senior",AND(I77>60,I77<90),"super senior",TRUE,"Died")} -> Senior | K77: 20 | L77: West Bengal | M77: West | N77: =VLOOKUP(L77,Facts!$A$2:$B$10,2,FALSE) -> East | Q77: =IF(AND(K77<=5,'Billing Details'!H77>=10000),"High Priority","Regularfollowup") -> Regularfollowup | T77: =IF(AND(Q77="High Priority",'Patient Health Records'!AH77="Yes",'Patient Health Records'!AI77="Critical"), "Need Immediate attention", IF(AND('Patient Health Records'!AI77<>"Critical", 'Patient Health Records'!AH77="Yes"),"Monitor later",IF(AND('Patient Health Records'!AI77="Critical",'Patient Health Records'!AH77="No"),"Ask for readmission","No action"))) -> Monitor later | W77: =_xlfn.XLOOKUP('Patient Demographics'!N77,Facts!$B$2:$B$10,Facts!$A$2:$A$10,FALSE) -> West Bengal | X77: =LEFT(C77,FIND(" ",C77)) -> Vivaan | Y77: {=_xlfn.TEXTSPLIT(C77," ")} -> Vivaan | Z77: Mehta
A78: PID0077 | B78: Diya Sharma | C78: =TRIM(B78) -> Diya Sharma | D78: =_xlfn.CONCAT(A78,"_",Y78,".pdf") -> PID0077_Diya.pdf | E78: Female | F78: 31/12/1988 | G78: =DATEVALUE(F78) -> 32508 | H78: =YEAR(G78) -> 1988 | I78: =2026-H78 -> 38 | J78: {=_xlfn.IFS(AND(I78>20,I78<=30),"Young adult",AND(I78>30,I78<=45),"Adult",AND(I78>45,I78<=60),"Senior",AND(I78>60,I78<90),"super senior",TRUE,"Died")} -> Adult | K78: 4 | L78: Tamil Nadu | M78: South | N78: =VLOOKUP(L78,Facts!$A$2:$B$10,2,FALSE) -> South | Q78: =IF(AND(K78<=5,'Billing Details'!H78>=10000),"High Priority","Regularfollowup") -> High Priority | T78: =IF(AND(Q78="High Priority",'Patient Health Records'!AH78="Yes",'Patient Health Records'!AI78="Critical"), "Need Immediate attention", IF(AND('Patient Health Records'!AI78<>"Critical", 'Patient Health Records'!AH78="Yes"),"Monitor later",IF(AND('Patient Health Records'!AI78="Critical",'Patient Health Records'!AH78="No"),"Ask for readmission","No action"))) -> Need Immediate attention | W78: =_xlfn.XLOOKUP('Patient Demographics'!N78,Facts!$B$2:$B$10,Facts!$A$2:$A$10,FALSE) -> Tamil Nadu | X78: =LEFT(C78,FIND(" ",C78)) -> Diya | Y78: {=_xlfn.TEXTSPLIT(C78," ")} -> Diya | Z78: Sharma
A79: PID0078 | B79: Shreya Mehta | C79: =TRIM(B79) -> Shreya Mehta | D79: =_xlfn.CONCAT(A79,"_",Y79,".pdf") -> PID0078_Shreya.pdf | E79: Female | F79: 31/12/1988 | G79: =DATEVALUE(F79) -> 32508 | H79: =YEAR(G79) -> 1988 | I79: =2026-H79 -> 38 | J79: {=_xlfn.IFS(AND(I79>20,I79<=30),"Young adult",AND(I79>30,I79<=45),"Adult",AND(I79>45,I79<=60),"Senior",AND(I79>60,I79<90),"super senior",TRUE,"Died")} -> Adult | K79: 2 | L79: Uttar Pradesh | M79: West | N79: =VLOOKUP(L79,Facts!$A$2:$B$10,2,FALSE) -> North | Q79: =IF(AND(K79<=5,'Billing Details'!H79>=10000),"High Priority","Regularfollowup") -> Regularfollowup | T79: =IF(AND(Q79="High Priority",'Patient Health Records'!AH79="Yes",'Patient Health Records'!AI79="Critical"), "Need Immediate attention", IF(AND('Patient Health Records'!AI79<>"Critical", 'Patient Health Records'!AH79="Yes"),"Monitor later",IF(AND('Patient Health Records'!AI79="Critical",'Patient Health Records'!AH79="No"),"Ask for readmission","No action"))) -> Ask for readmission | W79: =_xlfn.XLOOKUP('Patient Demographics'!N79,Facts!$B$2:$B$10,Facts!$A$2:$A$10,FALSE) -> Punjab | X79: =LEFT(C79,FIND(" ",C79)) -> Shreya | Y79: {=_xlfn.TEXTSPLIT(C79," ")} -> Shreya | Z79: Mehta
A80: PID0079 | B80: Diya Raj Reddy | C80: =TRIM(B80) -> Diya Raj Reddy | D80: =_xlfn.CONCAT(A80,"_",Y80,".pdf") -> PID0079_Diya.pdf | E80: Female | F80: 31/12/1993 | G80: =DATEVALUE(F80) -> 34334 | H80: =YEAR(G80) -> 1993 | I80: =2026-H80 -> 33 | J80: {=_xlfn.IFS(AND(I80>20,I80<=30),"Young adult",AND(I80>30,I80<=45),"Adult",AND(I80>45,I80<=60),"Senior",AND(I80>60,I80<90),"super senior",TRUE,"Died")} -> Adult | K80: 4 | L80: Punjab | M80: West | N80: =VLOOKUP(L80,Facts!$A$2:$B$10,2,FALSE) -> North | Q80: =IF(AND(K80<=5,'Billing Details'!H80>=10000),"High Priority","Regularfollowup") -> High Priority | T80: =IF(AND(Q80="High Priority",'Patient Health Records'!AH80="Yes",'Patient Health Records'!AI80="Critical"), "Need Immediate attention", IF(AND('Patient Health Records'!AI80<>"Critical", 'Patient Health Records'!AH80="Yes"),"Monitor later",IF(AND('Patient Health Records'!AI80="Critical",'Patient Health Records'!AH80="No"),"Ask for readmission","No action"))) -> Monitor later | W80: =_xlfn.XLOOKUP('Patient Demographics'!N80,Facts!$B$2:$B$10,Facts!$A$2:$A$10,FALSE) -> Punjab | X80: =LEFT(C80,FIND(" ",C80)) -> Diya | Y80: {=_xlfn.TEXTSPLIT(C80," ")} -> Diya | Z80: Raj | AA80: Reddy
A81: PID0080 | B81: Vivaan Kumar Mehta | C81: =TRIM(B81) -> Vivaan Kumar Mehta | D81: =_xlfn.CONCAT(A81,"_",Y81,".pdf") -> PID0080_Vivaan.pdf | E81: Male | F81: 31/12/1988 | G81: =DATEVALUE(F81) -> 32508 | H81: =YEAR(G81) -> 1988 | I81: =2026-H81 -> 38 | J81: {=_xlfn.IFS(AND(I81>20,I81<=30),"Young adult",AND(I81>30,I81<=45),"Adult",AND(I81>45,I81<=60),"Senior",AND(I81>60,I81<90),"super senior",TRUE,"Died")} -> Adult | K81: 12 | L81: Maharashtra | M81: South | N81: =VLOOKUP(L81,Facts!$A$2:$B$10,2,FALSE) -> West | Q81: =IF(AND(K81<=5,'Billing Details'!H81>=10000),"High Priority","Regularfollowup") -> Regularfollowup | T81: =IF(AND(Q81="High Priority",'Patient Health Records'!AH81="Yes",'Patient Health Records'!AI81="Critical"), "Need Immediate attention", IF(AND('Patient Health Records'!AI81<>"Critical", 'Patient Health Records'!AH81="Yes"),"Monitor later",IF(AND('Patient Health Records'!AI81="Critical",'Patient Health Records'!AH81="No"),"Ask for readmission","No action"))) -> Monitor later | W81: =_xlfn.XLOOKUP('Patient Demographics'!N81,Facts!$B$2:$B$10,Facts!$A$2:$A$10,FALSE) -> Maharashtra | X81: =LEFT(C81,FIND(" ",C81)) -> Vivaan | Y81: {=_xlfn.TEXTSPLIT(C81," ")} -> Vivaan | Z81: Kumar | AA81: Mehta
A82: PID0081 | B82: Aditya Sharma | C82: =TRIM(B82) -> Aditya Sharma | D82: =_xlfn.CONCAT(A82,"_",Y82,".pdf") -> PID0081_Aditya.pdf | E82: Male | F82: 01/01/1964 | G82: =DATEVALUE(F82) -> 23377 | H82: =YEAR(G82) -> 1964 | I82: =2026-H82 -> 62 | J82: {=_xlfn.IFS(AND(I82>20,I82<=30),"Young adult",AND(I82>30,I82<=45),"Adult",AND(I82>45,I82<=60),"Senior",AND(I82>60,I82<90),"super senior",TRUE,"Died")} -> super senior | K82: 20 | L82: Kerala | M82: South | N82: =VLOOKUP(L82,Facts!$A$2:$B$10,2,FALSE) -> South | Q82: =IF(AND(K82<=5,'Billing Details'!H82>=10000),"High Priority","Regularfollowup") -> Regularfollowup | T82: =IF(AND(Q82="High Priority",'Patient Health Records'!AH82="Yes",'Patient Health Records'!AI82="Critical"), "Need Immediate attention", IF(AND('Patient Health Records'!AI82<>"Critical", 'Patient Health Records'!AH82="Yes"),"Monitor later",IF(AND('Patient Health Records'!AI82="Critical",'Patient Health Records'!AH82="No"),"Ask for readmission","No action"))) -> No action | W82: =_xlfn.XLOOKUP('Patient Demographics'!N82,Facts!$B$2:$B$10,Facts!$A$2:$A$10,FALSE) -> Tamil Nadu | X82: =LEFT(C82,FIND(" ",C82)) -> Aditya | Y82: {=_xlfn.TEXTSPLIT(C82," ")} -> Aditya | Z82: Sharma
A83: PID0082 | B83: Isha Patel | C83: =TRIM(B83) -> Isha Patel | D83: =_xlfn.CONCAT(A83,"_",Y83,".pdf") -> PID0082_Isha.pdf | E83: Female | F83: 31/12/1958 | G83: =DATEVALUE(F83) -> 21550 | H83: =YEAR(G83) -> 1958 | I83: =2026-H83 -> 68 | J83: {=_xlfn.IFS(AND(I83>20,I83<=30),"Young adult",AND(I83>30,I83<=45),"Adult",AND(I83>45,I83<=60),"Senior",AND(I83>60,I83<90),"super senior",TRUE,"Died")} -> super senior | K83: 15 | L83: West Bengal | M83: East | N83: =VLOOKUP(L83,Facts!$A$2:$B$10,2,FALSE) -> East | Q83: =IF(AND(K83<=5,'Billing Details'!H83>=10000),"High Priority","Regularfollowup") -> Regularfollowup | T83: =IF(AND(Q83="High Priority",'Patient Health Records'!AH83="Yes",'Patient Health Records'!AI83="Critical"), "Need Immediate attention", IF(AND('Patient Health Records'!AI83<>"Critical", 'Patient Health Records'!AH83="Yes"),"Monitor later",IF(AND('Patient Health Records'!AI83="Critical",'Patient Health Records'!AH83="No"),"Ask for readmission","No action"))) -> Monitor later | W83: =_xlfn.XLOOKUP('Patient Demographics'!N83,Facts!$B$2:$B$10,Facts!$A$2:$A$10,FALSE) -> West Bengal | X83: =LEFT(C83,FIND(" ",C83)) -> Isha | Y83: {=_xlfn.TEXTSPLIT(C83," ")} -> Isha | Z83: Patel
A84: PID0083 | B84: Sai Reddy | C84: =TRIM(B84) -> Sai Reddy | D84: =_xlfn.CONCAT(A84,"_",Y84,".pdf") -> PID0083_Sai.pdf | E84: Male | F84: 31/12/1988 | G84: =DATEVALUE(F84) -> 32508 | H84: =YEAR(G84) -> 1988 | I84: =2026-H84 -> 38 | J84: {=_xlfn.IFS(AND(I84>20,I84<=30),"Young adult",AND(I84>30,I84<=45),"Adult",AND(I84>45,I84<=60),"Senior",AND(I84>60,I84<90),"super senior",TRUE,"Died")} -> Adult | K84: 40 | L84: Tamil Nadu | M84: South | N84: =VLOOKUP(L84,Facts!$A$2:$B$10,2,FALSE) -> South | Q84: =IF(AND(K84<=5,'Billing Details'!H84>=10000),"High Priority","Regularfollowup") -> Regularfollowup | T84: =IF(AND(Q84="High Priority",'Patient Health Records'!AH84="Yes",'Patient Health Records'!AI84="Critical"), "Need Immediate attention", IF(AND('Patient Health Records'!AI84<>"Critical", 'Patient Health Records'!AH84="Yes"),"Monitor later",IF(AND('Patient Health Records'!AI84="Critical",'Patient Health Records'!AH84="No"),"Ask for readmission","No action"))) -> No action | W84: =_xlfn.XLOOKUP('Patient Demographics'!N84,Facts!$B$2:$B$10,Facts!$A$2:$A$10,FALSE) -> Tamil Nadu | X84: =LEFT(C84,FIND(" ",C84)) -> Sai | Y84: {=_xlfn.TEXTSPLIT(C84," ")} -> Sai | Z84: Reddy
A85: PID0084 | B85: Diya Mehta | C85: =TRIM(B85) -> Diya Mehta | D85: =_xlfn.CONCAT(A85,"_",Y85,".pdf") -> PID0084_Diya.pdf | E85: Female | F85: 31/12/1958 | G85: =DATEVALUE(F85) -> 21550 | H85: =YEAR(G85) -> 1958 | I85: =2026-H85 -> 68 | J85: {=_xlfn.IFS(AND(I85>20,I85<=30),"Young adult",AND(I85>30,I85<=45),"Adult",AND(I85>45,I85<=60),"Senior",AND(I85>60,I85<90),"super senior",TRUE,"Died")} -> super senior | K85: 40 | L85: Kerala | M85: South | N85: =VLOOKUP(L85,Facts!$A$2:$B$10,2,FALSE) -> South | Q85: =IF(AND(K85<=5,'Billing Details'!H85>=10000),"High Priority","Regularfollowup") -> Regularfollowup | T85: =IF(AND(Q85="High Priority",'Patient Health Records'!AH85="Yes",'Patient Health Records'!AI85="Critical"), "Need Immediate attention", IF(AND('Patient Health Records'!AI85<>"Critical", 'Patient Health Records'!AH85="Yes"),"Monitor later",IF(AND('Patient Health Records'!AI85="Critical",'Patient Health Records'!AH85="No"),"Ask for readmission","No action"))) -> Monitor later | W85: =_xlfn.XLOOKUP('Patient Demographics'!N85,Facts!$B$2:$B$10,Facts!$A$2:$A$10,FALSE) -> Tamil Nadu | X85: =LEFT(C85,FIND(" ",C85)) -> Diya | Y85: {=_xlfn.TEXTSPLIT(C85," ")} -> Diya | Z85: Mehta
A86: PID0085 | B86: Krishna Mehta | C86: =TRIM(B86) -> Krishna Mehta | D86: =_xlfn.CONCAT(A86,"_",Y86,".pdf") -> PID0085_Krishna.pdf | E86: Male | F86: 01-01-1972 | G86: =DATEVALUE(F86) -> 26299 | H86: =YEAR(G86) -> 1972 | I86: =2026-H86 -> 54 | J86: {=_xlfn.IFS(AND(I86>20,I86<=30),"Young adult",AND(I86>30,I86<=45),"Adult",AND(I86>45,I86<=60),"Senior",AND(I86>60,I86<90),"super senior",TRUE,"Died")} -> Senior | K86: 12 | L86: Kerala | M86: South | N86: =VLOOKUP(L86,Facts!$A$2:$B$10,2,FALSE) -> South | Q86: =IF(AND(K86<=5,'Billing Details'!H86>=10000),"High Priority","Regularfollowup") -> Regularfollowup | T86: =IF(AND(Q86="High Priority",'Patient Health Records'!AH86="Yes",'Patient Health Records'!AI86="Critical"), "Need Immediate attention", IF(AND('Patient Health Records'!AI86<>"Critical", 'Patient Health Records'!AH86="Yes"),"Monitor later",IF(AND('Patient Health Records'!AI86="Critical",'Patient Health Records'!AH86="No"),"Ask for readmission","No action"))) -> No action | W86: =_xlfn.XLOOKUP('Patient Demographics'!N86,Facts!$B$2:$B$10,Facts!$A$2:$A$10,FALSE) -> Tamil Nadu | X86: =LEFT(C86,FIND(" ",C86)) -> Krishna | Y86: {=_xlfn.TEXTSPLIT(C86," ")} -> Krishna | Z86: Mehta
A87: PID0086 | B87: Sai Mehta | C87: =TRIM(B87) -> Sai Mehta | D87: =_xlfn.CONCAT(A87,"_",Y87,".pdf") -> PID0086_Sai.pdf | E87: Male | F87: 31/12/1988 | G87: =DATEVALUE(F87) -> 32508 | H87: =YEAR(G87) -> 1988 | I87: =2026-H87 -> 38 | J87: {=_xlfn.IFS(AND(I87>20,I87<=30),"Young adult",AND(I87>30,I87<=45),"Adult",AND(I87>45,I87<=60),"Senior",AND(I87>60,I87<90),"super senior",TRUE,"Died")} -> Adult | K87: 200 | L87: Gujarat | M87: West | N87: =VLOOKUP(L87,Facts!$A$2:$B$10,2,FALSE) -> West | Q87: =IF(AND(K87<=5,'Billing Details'!H87>=10000),"High Priority","Regularfollowup") -> Regularfollowup | T87: =IF(AND(Q87="High Priority",'Patient Health Records'!AH87="Yes",'Patient Health Records'!AI87="Critical"), "Need Immediate attention", IF(AND('Patient Health Records'!AI87<>"Critical", 'Patient Health Records'!AH87="Yes"),"Monitor later",IF(AND('Patient Health Records'!AI87="Critical",'Patient Health Records'!AH87="No"),"Ask for readmission","No action"))) -> Ask for readmission | W87: =_xlfn.XLOOKUP('Patient Demographics'!N87,Facts!$B$2:$B$10,Facts!$A$2:$A$10,FALSE) -> Maharashtra | X87: =LEFT(C87,FIND(" ",C87)) -> Sai | Y87: {=_xlfn.TEXTSPLIT(C87," ")} -> Sai | Z87: Mehta
A88: PID0087 | B88: Aditya Singh Mehta | C88: =TRIM(B88) -> Aditya Singh Mehta | D88: =_xlfn.CONCAT(A88,"_",Y88,".pdf") -> PID0087_Aditya.pdf | E88: Male | F88: 31/12/1973 | G88: =DATEVALUE(F88) -> 27029 | H88: =YEAR(G88) -> 1973 | I88: =2026-H88 -> 53 | J88: {=_xlfn.IFS(AND(I88>20,I88<=30),"Young adult",AND(I88>30,I88<=45),"Adult",AND(I88>45,I88<=60),"Senior",AND(I88>60,I88<90),"super senior",TRUE,"Died")} -> Senior | K88: 12 | L88: Punjab | M88: North | N88: =VLOOKUP(L88,Facts!$A$2:$B$10,2,FALSE) -> North | Q88: =IF(AND(K88<=5,'Billing Details'!H88>=10000),"High Priority","Regularfollowup") -> Regularfollowup | T88: =IF(AND(Q88="High Priority",'Patient Health Records'!AH88="Yes",'Patient Health Records'!AI88="Critical"), "Need Immediate attention", IF(AND('Patient Health Records'!AI88<>"Critical", 'Patient Health Records'!AH88="Yes"),"Monitor later",IF(AND('Patient Health Records'!AI88="Critical",'Patient Health Records'!AH88="No"),"Ask for readmission","No action"))) -> No action | W88: =_xlfn.XLOOKUP('Patient Demographics'!N88,Facts!$B$2:$B$10,Facts!$A$2:$A$10,FALSE) -> Punjab | X88: =LEFT(C88,FIND(" ",C88)) -> Aditya | Y88: {=_xlfn.TEXTSPLIT(C88," ")} -> Aditya | Z88: Singh | AA88: Mehta
A89: PID0088 | B89: Isha Kumar Patel | C89: =TRIM(B89) -> Isha Kumar Patel | D89: =_xlfn.CONCAT(A89,"_",Y89,".pdf") -> PID0088_Isha.pdf | E89: Female | F89: 31/12/1993 | G89: =DATEVALUE(F89) -> 34334 | H89: =YEAR(G89) -> 1993 | I89: =2026-H89 -> 33 | J89: {=_xlfn.IFS(AND(I89>20,I89<=30),"Young adult",AND(I89>30,I89<=45),"Adult",AND(I89>45,I89<=60),"Senior",AND(I89>60,I89<90),"super senior",TRUE,"Died")} -> Adult | K89: 25 | L89: Karnataka | M89: South | N89: =VLOOKUP(L89,Facts!$A$2:$B$10,2,FALSE) -> South | Q89: =IF(AND(K89<=5,'Billing Details'!H89>=10000),"High Priority","Regularfollowup") -> Regularfollowup | T89: =IF(AND(Q89="High Priority",'Patient Health Records'!AH89="Yes",'Patient Health Records'!AI89="Critical"), "Need Immediate attention", IF(AND('Patient Health Records'!AI89<>"Critical", 'Patient Health Records'!AH89="Yes"),"Monitor later",IF(AND('Patient Health Records'!AI89="Critical",'Patient Health Records'!AH89="No"),"Ask for readmission","No action"))) -> Monitor later | W89: =_xlfn.XLOOKUP('Patient Demographics'!N89,Facts!$B$2:$B$10,Facts!$A$2:$A$10,FALSE) -> Tamil Nadu | X89: =LEFT(C89,FIND(" ",C89)) -> Isha | Y89: {=_xlfn.TEXTSPLIT(C89," ")} -> Isha | Z89: Kumar | AA89: Patel
A90: PID0089 | B90: Sai Dev Patel | C90: =TRIM(B90) -> Sai Dev Patel | D90: =_xlfn.CONCAT(A90,"_",Y90,".pdf") -> PID0089_Sai.pdf | E90: Male | F90: 31/12/1988 | G90: =DATEVALUE(F90) -> 32508 | H90: =YEAR(G90) -> 1988 | I90: =2026-H90 -> 38 | J90: {=_xlfn.IFS(AND(I90>20,I90<=30),"Young adult",AND(I90>30,I90<=45),"Adult",AND(I90>45,I90<=60),"Senior",AND(I90>60,I90<90),"super senior",TRUE,"Died")} -> Adult | K90: 40 | L90: Uttar Pradesh | M90: South | N90: =VLOOKUP(L90,Facts!$A$2:$B$10,2,FALSE) -> North | Q90: =IF(AND(K90<=5,'Billing Details'!H90>=10000),"High Priority","Regularfollowup") -> Regularfollowup | T90: =IF(AND(Q90="High Priority",'Patient Health Records'!AH90="Yes",'Patient Health Records'!AI90="Critical"), "Need Immediate attention", IF(AND('Patient Health Records'!AI90<>"Critical", 'Patient Health Records'!AH90="Yes"),"Monitor later",IF(AND('Patient Health Records'!AI90="Critical",'Patient Health Records'!AH90="No"),"Ask for readmission","No action"))) -> Monitor later | W90: =_xlfn.XLOOKUP('Patient Demographics'!N90,Facts!$B$2:$B$10,Facts!$A$2:$A$10,FALSE) -> Punjab | X90: =LEFT(C90,FIND(" ",C90)) -> Sai | Y90: {=_xlfn.TEXTSPLIT(C90," ")} -> Sai | Z90: Dev | AA90: Patel
A91: PID0090 | B91: Riya Priya Mehta | C91: =TRIM(B91) -> Riya Priya Mehta | D91: =_xlfn.CONCAT(A91,"_",Y91,".pdf") -> PID0090_Riya.pdf | E91: Female | F91: 31/12/1981 | G91: =DATEVALUE(F91) -> 29951 | H91: =YEAR(G91) -> 1981 | I91: =2026-H91 -> 45 | J91: {=_xlfn.IFS(AND(I91>20,I91<=30),"Young adult",AND(I91>30,I91<=45),"Adult",AND(I91>45,I91<=60),"Senior",AND(I91>60,I91<90),"super senior",TRUE,"Died")} -> Adult | K91: 7 | L91: Karnataka | M91: East | N91: =VLOOKUP(L91,Facts!$A$2:$B$10,2,FALSE) -> South | Q91: =IF(AND(K91<=5,'Billing Details'!H91>=10000),"High Priority","Regularfollowup") -> Regularfollowup | T91: =IF(AND(Q91="High Priority",'Patient Health Records'!AH91="Yes",'Patient Health Records'!AI91="Critical"), "Need Immediate attention", IF(AND('Patient Health Records'!AI91<>"Critical", 'Patient Health Records'!AH91="Yes"),"Monitor later",IF(AND('Patient Health Records'!AI91="Critical",'Patient Health Records'!AH91="No"),"Ask for readmission","No action"))) -> No action | W91: =_xlfn.XLOOKUP('Patient Demographics'!N91,Facts!$B$2:$B$10,Facts!$A$2:$A$10,FALSE) -> Tamil Nadu | X91: =LEFT(C91,FIND(" ",C91)) -> Riya | Y91: {=_xlfn.TEXTSPLIT(C91," ")} -> Riya | Z91: Priya | AA91: Mehta
A92: PID0091 | B92: Vivaan Gupta | C92: =TRIM(B92) -> Vivaan Gupta | D92: =_xlfn.CONCAT(A92,"_",Y92,".pdf") -> PID0091_Vivaan.pdf | E92: Male | F92: 31/12/1993 | G92: =DATEVALUE(F92) -> 34334 | H92: =YEAR(G92) -> 1993 | I92: =2026-H92 -> 33 | J92: {=_xlfn.IFS(AND(I92>20,I92<=30),"Young adult",AND(I92>30,I92<=45),"Adult",AND(I92>45,I92<=60),"Senior",AND(I92>60,I92<90),"super senior",TRUE,"Died")} -> Adult | K92: 7 | L92: Gujarat | M92: West | N92: =VLOOKUP(L92,Facts!$A$2:$B$10,2,FALSE) -> West | Q92: =IF(AND(K92<=5,'Billing Details'!H92>=10000),"High Priority","Regularfollowup") -> Regularfollowup | T92: =IF(AND(Q92="High Priority",'Patient Health Records'!AH92="Yes",'Patient Health Records'!AI92="Critical"), "Need Immediate attention", IF(AND('Patient Health Records'!AI92<>"Critical", 'Patient Health Records'!AH92="Yes"),"Monitor later",IF(AND('Patient Health Records'!AI92="Critical",'Patient Health Records'!AH92="No"),"Ask for readmission","No action"))) -> Monitor later | W92: =_xlfn.XLOOKUP('Patient Demographics'!N92,Facts!$B$2:$B$10,Facts!$A$2:$A$10,FALSE) -> Maharashtra | X92: =LEFT(C92,FIND(" ",C92)) -> Vivaan | Y92: {=_xlfn.TEXTSPLIT(C92," ")} -> Vivaan | Z92: Gupta
A93: PID0092 | B93: Krishna Gupta | C93: =TRIM(B93) -> Krishna Gupta | D93: =_xlfn.CONCAT(A93,"_",Y93,".pdf") -> PID0092_Krishna.pdf | E93: Male | F93: 31/12/1958 | G93: =DATEVALUE(F93) -> 21550 | H93: =YEAR(G93) -> 1958 | I93: =2026-H93 -> 68 | J93: {=_xlfn.IFS(AND(I93>20,I93<=30),"Young adult",AND(I93>30,I93<=45),"Adult",AND(I93>45,I93<=60),"Senior",AND(I93>60,I93<90),"super senior",TRUE,"Died")} -> super senior | K93: 3 | L93: Uttar Pradesh | M93: North | N93: =VLOOKUP(L93,Facts!$A$2:$B$10,2,FALSE) -> North | Q93: =IF(AND(K93<=5,'Billing Details'!H93>=10000),"High Priority","Regularfollowup") -> High Priority | T93: =IF(AND(Q93="High Priority",'Patient Health Records'!AH93="Yes",'Patient Health Records'!AI93="Critical"), "Need Immediate attention", IF(AND('Patient Health Records'!AI93<>"Critical", 'Patient Health Records'!AH93="Yes"),"Monitor later",IF(AND('Patient Health Records'!AI93="Critical",'Patient Health Records'!AH93="No"),"Ask for readmission","No action"))) -> Need Immediate attention | W93: =_xlfn.XLOOKUP('Patient Demographics'!N93,Facts!$B$2:$B$10,Facts!$A$2:$A$10,FALSE) -> Punjab | X93: =LEFT(C93,FIND(" ",C93)) -> Krishna | Y93: {=_xlfn.TEXTSPLIT(C93," ")} -> Krishna | Z93: Gupta
A94: PID0093 | B94: Krishna Reddy | C94: =TRIM(B94) -> Krishna Reddy | D94: =_xlfn.CONCAT(A94,"_",Y94,".pdf") -> PID0093_Krishna.pdf | E94: Male | F94: 31/12/1993 | G94: =DATEVALUE(F94) -> 34334 | H94: =YEAR(G94) -> 1993 | I94: =2026-H94 -> 33 | J94: {=_xlfn.IFS(AND(I94>20,I94<=30),"Young adult",AND(I94>30,I94<=45),"Adult",AND(I94>45,I94<=60),"Senior",AND(I94>60,I94<90),"super senior",TRUE,"Died")} -> Adult | K94: 1 | L94: Uttar Pradesh | M94: North | N94: =VLOOKUP(L94,Facts!$A$2:$B$10,2,FALSE) -> North | Q94: =IF(AND(K94<=5,'Billing Details'!H94>=10000),"High Priority","Regularfollowup") -> High Priority | T94: =IF(AND(Q94="High Priority",'Patient Health Records'!AH94="Yes",'Patient Health Records'!AI94="Critical"), "Need Immediate attention", IF(AND('Patient Health Records'!AI94<>"Critical", 'Patient Health Records'!AH94="Yes"),"Monitor later",IF(AND('Patient Health Records'!AI94="Critical",'Patient Health Records'!AH94="No"),"Ask for readmission","No action"))) -> No action | W94: =_xlfn.XLOOKUP('Patient Demographics'!N94,Facts!$B$2:$B$10,Facts!$A$2:$A$10,FALSE) -> Punjab | X94: =LEFT(C94,FIND(" ",C94)) -> Krishna | Y94: {=_xlfn.TEXTSPLIT(C94," ")} -> Krishna | Z94: Reddy
A95: PID0094 | B95: Isha Patel | C95: =TRIM(B95) -> Isha Patel | D95: =_xlfn.CONCAT(A95,"_",Y95,".pdf") -> PID0094_Isha.pdf | E95: Female | F95: 31/12/1988 | G95: =DATEVALUE(F95) -> 32508 | H95: =YEAR(G95) -> 1988 | I95: =2026-H95 -> 38 | J95: {=_xlfn.IFS(AND(I95>20,I95<=30),"Young adult",AND(I95>30,I95<=45),"Adult",AND(I95>45,I95<=60),"Senior",AND(I95>60,I95<90),"super senior",TRUE,"Died")} -> Adult | K95: 20 | L95: Uttar Pradesh | M95: North | N95: =VLOOKUP(L95,Facts!$A$2:$B$10,2,FALSE) -> North | Q95: =IF(AND(K95<=5,'Billing Details'!H95>=10000),"High Priority","Regularfollowup") -> Regularfollowup | T95: =IF(AND(Q95="High Priority",'Patient Health Records'!AH95="Yes",'Patient Health Records'!AI95="Critical"), "Need Immediate attention", IF(AND('Patient Health Records'!AI95<>"Critical", 'Patient Health Records'!AH95="Yes"),"Monitor later",IF(AND('Patient Health Records'!AI95="Critical",'Patient Health Records'!AH95="No"),"Ask for readmission","No action"))) -> No action | W95: =_xlfn.XLOOKUP('Patient Demographics'!N95,Facts!$B$2:$B$10,Facts!$A$2:$A$10,FALSE) -> Punjab | X95: =LEFT(C95,FIND(" ",C95)) -> Isha | Y95: {=_xlfn.TEXTSPLIT(C95," ")} -> Isha | Z95: Patel
A96: PID0095 | B96: Aanya Sharma | C96: =TRIM(B96) -> Aanya Sharma | D96: =_xlfn.CONCAT(A96,"_",Y96,".pdf") -> PID0095_Aanya.pdf | E96: Female | F96: 01/01/1964 | G96: =DATEVALUE(F96) -> 23377 | H96: =YEAR(G96) -> 1964 | I96: =2026-H96 -> 62 | J96: {=_xlfn.IFS(AND(I96>20,I96<=30),"Young adult",AND(I96>30,I96<=45),"Adult",AND(I96>45,I96<=60),"Senior",AND(I96>60,I96<90),"super senior",TRUE,"Died")} -> super senior | K96: 20 | L96: West Bengal | M96: East | N96: =VLOOKUP(L96,Facts!$A$2:$B$10,2,FALSE) -> East | Q96: =IF(AND(K96<=5,'Billing Details'!H96>=10000),"High Priority","Regularfollowup") -> Regularfollowup | T96: =IF(AND(Q96="High Priority",'Patient Health Records'!AH96="Yes",'Patient Health Records'!AI96="Critical"), "Need Immediate attention", IF(AND('Patient Health Records'!AI96<>"Critical", 'Patient Health Records'!AH96="Yes"),"Monitor later",IF(AND('Patient Health Records'!AI96="Critical",'Patient Health Records'!AH96="No"),"Ask for readmission","No action"))) -> No action | W96: =_xlfn.XLOOKUP('Patient Demographics'!N96,Facts!$B$2:$B$10,Facts!$A$2:$A$10,FALSE) -> West Bengal | X96: =LEFT(C96,FIND(" ",C96)) -> Aanya | Y96: {=_xlfn.TEXTSPLIT(C96," ")} -> Aanya | Z96: Sharma
A97: PID0096 | B97: Riya Singh Mehta | C97: =TRIM(B97) -> Riya Singh Mehta | D97: =_xlfn.CONCAT(A97,"_",Y97,".pdf") -> PID0096_Riya.pdf | E97: Female | F97: 31-12-1968 | G97: =DATEVALUE(F97) -> 25203 | H97: =YEAR(G97) -> 1968 | I97: =2026-H97 -> 58 | J97: {=_xlfn.IFS(AND(I97>20,I97<=30),"Young adult",AND(I97>30,I97<=45),"Adult",AND(I97>45,I97<=60),"Senior",AND(I97>60,I97<90),"super senior",TRUE,"Died")} -> Senior | K97: 5 | L97: Gujarat | M97: West | N97: =VLOOKUP(L97,Facts!$A$2:$B$10,2,FALSE) -> West | Q97: =IF(AND(K97<=5,'Billing Details'!H97>=10000),"High Priority","Regularfollowup") -> High Priority | T97: =IF(AND(Q97="High Priority",'Patient Health Records'!AH97="Yes",'Patient Health Records'!AI97="Critical"), "Need Immediate attention", IF(AND('Patient Health Records'!AI97<>"Critical", 'Patient Health Records'!AH97="Yes"),"Monitor later",IF(AND('Patient Health Records'!AI97="Critical",'Patient Health Records'!AH97="No"),"Ask for readmission","No action"))) -> Monitor later | W97: =_xlfn.XLOOKUP('Patient Demographics'!N97,Facts!$B$2:$B$10,Facts!$A$2:$A$10,FALSE) -> Maharashtra | X97: =LEFT(C97,FIND(" ",C97)) -> Riya | Y97: {=_xlfn.TEXTSPLIT(C97," ")} -> Riya | Z97: Singh | AA97: Mehta
A98: PID0097 | B98: Aanya Patel | C98: =TRIM(B98) -> Aanya Patel | D98: =_xlfn.CONCAT(A98,"_",Y98,".pdf") -> PID0097_Aanya.pdf | E98: Female | F98: 01-01-1984 | G98: =DATEVALUE(F98) -> 30682 | H98: =YEAR(G98) -> 1984 | I98: =2026-H98 -> 42 | J98: {=_xlfn.IFS(AND(I98>20,I98<=30),"Young adult",AND(I98>30,I98<=45),"Adult",AND(I98>45,I98<=60),"Senior",AND(I98>60,I98<90),"super senior",TRUE,"Died")} -> Adult | K98: 40 | L98: Tamil Nadu | M98: South | N98: =VLOOKUP(L98,Facts!$A$2:$B$10,2,FALSE) -> South | Q98: =IF(AND(K98<=5,'Billing Details'!H98>=10000),"High Priority","Regularfollowup") -> Regularfollowup | T98: =IF(AND(Q98="High Priority",'Patient Health Records'!AH98="Yes",'Patient Health Records'!AI98="Critical"), "Need Immediate attention", IF(AND('Patient Health Records'!AI98<>"Critical", 'Patient Health Records'!AH98="Yes"),"Monitor later",IF(AND('Patient Health Records'!AI98="Critical",'Patient Health Records'!AH98="No"),"Ask for readmission","No action"))) -> Ask for readmission | W98: =_xlfn.XLOOKUP('Patient Demographics'!N98,Facts!$B$2:$B$10,Facts!$A$2:$A$10,FALSE) -> Tamil Nadu | X98: =LEFT(C98,FIND(" ",C98)) -> Aanya | Y98: {=_xlfn.TEXTSPLIT(C98," ")} -> Aanya | Z98: Patel
A99: PID0098 | B99: Shreya Mehta | C99: =TRIM(B99) -> Shreya Mehta | D99: =_xlfn.CONCAT(A99,"_",Y99,".pdf") -> PID0098_Shreya.pdf | E99: Female | F99: 31/12/1968 | G99: =DATEVALUE(F99) -> 25203 | H99: =YEAR(G99) -> 1968 | I99: =2026-H99 -> 58 | J99: {=_xlfn.IFS(AND(I99>20,I99<=30),"Young adult",AND(I99>30,I99<=45),"Adult",AND(I99>45,I99<=60),"Senior",AND(I99>60,I99<90),"super senior",TRUE,"Died")} -> Senior | K99: 9 | L99: Tamil Nadu | M99: South | N99: =VLOOKUP(L99,Facts!$A$2:$B$10,2,FALSE) -> South | Q99: =IF(AND(K99<=5,'Billing Details'!H99>=10000),"High Priority","Regularfollowup") -> Regularfollowup | T99: =IF(AND(Q99="High Priority",'Patient Health Records'!AH99="Yes",'Patient Health Records'!AI99="Critical"), "Need Immediate attention", IF(AND('Patient Health Records'!AI99<>"Critical", 'Patient Health Records'!AH99="Yes"),"Monitor later",IF(AND('Patient Health Records'!AI99="Critical",'Patient Health Records'!AH99="No"),"Ask for readmission","No action"))) -> No action | W99: =_xlfn.XLOOKUP('Patient Demographics'!N99,Facts!$B$2:$B$10,Facts!$A$2:$A$10,FALSE) -> Tamil Nadu | X99: =LEFT(C99,FIND(" ",C99)) -> Shreya | Y99: {=_xlfn.TEXTSPLIT(C99," ")} -> Shreya | Z99: Mehta
A100: PID0099 | B100: Aditya Gupta | C100: =TRIM(B100) -> Aditya Gupta | D100: =_xlfn.CONCAT(A100,"_",Y100,".pdf") -> PID0099_Aditya.pdf | E100: Male | F100: 31/12/1988 | G100: =DATEVALUE(F100) -> 32508 | H100: =YEAR(G100) -> 1988 | I100: =2026-H100 -> 38 | J100: {=_xlfn.IFS(AND(I100>20,I100<=30),"Young adult",AND(I100>30,I100<=45),"Adult",AND(I100>45,I100<=60),"Senior",AND(I100>60,I100<90),"super senior",TRUE,"Died")} -> Adult | K100: 15 | L100: Punjab | M100: South | N100: =VLOOKUP(L100,Facts!$A$2:$B$10,2,FALSE) -> North | Q100: =IF(AND(K100<=5,'Billing Details'!H100>=10000),"High Priority","Regularfollowup") -> Regularfollowup | T100: =IF(AND(Q100="High Priority",'Patient Health Records'!AH100="Yes",'Patient Health Records'!AI100="Critical"), "Need Immediate attention", IF(AND('Patient Health Records'!AI100<>"Critical", 'Patient Health Records'!AH100="Yes"),"Monitor later",IF(AND('Patient Health Records'!AI100="Critical",'Patient Health Records'!AH100="No"),"Ask for readmission","No action"))) -> No action | W100: =_xlfn.XLOOKUP('Patient Demographics'!N100,Facts!$B$2:$B$10,Facts!$A$2:$A$10,FALSE) -> Punjab | X100: =LEFT(C100,FIND(" ",C100)) -> Aditya | Y100: {=_xlfn.TEXTSPLIT(C100," ")} -> Aditya | Z100: Gupta
...

Sheet Patient Health Records
A1: Patient Id | B1: Blood Type | C1: Height (cm) | D1: Height(mtr) | E1: Updated Weight(kgs) | F1: BMI | G1: Weight (kg) | H1: Fever | I1: first clean | J1: Final Fever | K1: Cough | L1: First clean | M1: Final Cough | N1: Fatigue | O1: first clean | P1: Final Fatigue | Q1: Difficulty Breathing | R1: First clean | S1: Final Difficulty Breathing | T1: Blood Pressure | U1: Cholesterol Level | V1: Smoking Status | W1: first clean | X1: final Smoking Status | Y1: Drinking Status | Z1: first clean | AA1: Final Drinking status | AB1: Diabetes | AC1: first clean | AD1: Diabetes(DM) | AE1: Condition | AF1: Updated_Condition | AG1: Readmission | AH1: Final Readmission | AI1: Outcome | AJ1: Satisfaction | AK1: Unique Satisfaction | AL1: Total count/Satisfcation
A2: PID0001 | B2: O+ | C2: 168 | D2: =C2/100 -> 1.68 | E2: =ROUND(G2,1) -> 82.4 | F2: =E2/D2^2 -> 29.195011 | G2: 82.4 | H2: FALSE | I2: =IF(ISBLANK(H2),FALSE,H2) -> FALSE | J2: =IF(I2="YES",TRUE,IF(I2="No",FALSE,I2)) -> FALSE | K2: FALSE | L2: =IF(ISBLANK(K2),FALSE,K2) -> FALSE | M2: =IF(L2="Yes",TRUE,IF(L2="No",FALSE,L2)) -> FALSE | N2: FALSE | O2: =IF(ISBLANK(N2),"FALSE",N2) -> FALSE | P2: =IF(O2="yes",TRUE,IF(O2="No",FALSE,O2)) -> FALSE | Q2: FALSE | R2: =IF(ISBLANK(Q2),FALSE,Q2) -> FALSE | S2: =IF(R2="Yes",TRUE,IF(R2="No",FALSE,R2)) -> FALSE | T2: 129/83 | U2: 151 | V2: FALSE | W2: =IF(ISBLANK(V2),FALSE,V2) -> FALSE | X2: =IF(W2="Yes",TRUE,IF(W2="No",FALSE,FALSE)) -> FALSE | Y2: TRUE | Z2: =IF(ISBLANK(Y2),FALSE,Y2) -> TRUE | AA2: =IF(Z2="YES",TRUE,IF(Z2="No",FALSE,Z2)) -> TRUE | AB2: TRUE | AC2: =IF(ISBLANK(AB2),"FALSE",AB2) -> TRUE | AD2: =IF(AC2="Yes",TRUE,IF(AC2="No",FALSE,AC2)) -> TRUE | AE2: Fractured Leg | AF2: =PROPER(AE2) -> Fractured Leg | AG2: No | AH2: =IF(ISBLANK(AG2),"No",AG2) -> No | AI2: Critical | AJ2: Dissatisfied | AK2: {=_xlfn.UNIQUE(AJ2:AJ1001)} -> Dissatisfied | AL2: =COUNTIF(AJ2:AJ1001,AK2) -> 200
A3: PID0002 | B3: AB- | C3: 152 | D3: =C3/100 -> 1.52 | E3: =ROUND(G3,1) -> 64.8 | F3: =E3/D3^2 -> 28.047091 | G3: 64.8 | H3: FALSE | I3: =IF(ISBLANK(H3),FALSE,H3) -> FALSE | J3: =IF(I3="YES",TRUE,IF(I3="No",FALSE,I3)) -> FALSE | K3: FALSE | L3: =IF(ISBLANK(K3),FALSE,K3) -> FALSE | M3: =IF(L3="Yes",TRUE,IF(L3="No",FALSE,L3)) -> FALSE | N3: FALSE | O3: =IF(ISBLANK(N3),"FALSE",N3) -> FALSE | P3: =IF(O3="yes",TRUE,IF(O3="No",FALSE,O3)) -> FALSE | Q3: FALSE | R3: =IF(ISBLANK(Q3),FALSE,Q3) -> FALSE | S3: =IF(R3="Yes",TRUE,IF(R3="No",FALSE,R3)) -> FALSE | T3: 112/81 | U3: 191 | V3: FALSE | W3: =IF(ISBLANK(V3),FALSE,V3) -> FALSE | X3: =IF(W3="Yes",TRUE,IF(W3="No",FALSE,FALSE)) -> FALSE | Y3: TRUE | Z3: =IF(ISBLANK(Y3),FALSE,Y3) -> TRUE | AA3: =IF(Z3="YES",TRUE,IF(Z3="No",FALSE,Z3)) -> TRUE | AB3: TRUE | AC3: =IF(ISBLANK(AB3),"FALSE",AB3) -> TRUE | AD3: =IF(AC3="Yes",TRUE,IF(AC3="No",FALSE,AC3)) -> TRUE | AE3: prostate cancer | AF3: =PROPER(AE3) -> Prostate Cancer | AG3: No | AH3: =IF(ISBLANK(AG3),"No",AG3) -> No | AI3: Recovered | AJ3: Very Dissatisfied | AK3: Very Dissatisfied | AL3: =COUNTIF(AJ3:AJ1002,AK3) -> 190
A4: PID0003 | B4: B+ | C4: 170 | D4: =C4/100 -> 1.7 | E4: =ROUND(G4,1) -> 69.4 | F4: =E4/D4^2 -> 24.013841 | G4: 69.42323 | H4: TRUE | I4: =IF(ISBLANK(H4),FALSE,H4) -> TRUE | J4: =IF(I4="YES",TRUE,IF(I4="No",FALSE,I4)) -> TRUE | K4: FALSE | L4: =IF(ISBLANK(K4),FALSE,K4) -> FALSE | M4: =IF(L4="Yes",TRUE,IF(L4="No",FALSE,L4)) -> FALSE | N4: FALSE | O4: =IF(ISBLANK(N4),"FALSE",N4) -> FALSE | P4: =IF(O4="yes",TRUE,IF(O4="No",FALSE,O4)) -> FALSE | Q4: FALSE | R4: =IF(ISBLANK(Q4),FALSE,Q4) -> FALSE | S4: =IF(R4="Yes",TRUE,IF(R4="No",FALSE,R4)) -> FALSE | T4: 125/74 | U4: 152 | V4: FALSE | W4: =IF(ISBLANK(V4),FALSE,V4) -> FALSE | X4: =IF(W4="Yes",TRUE,IF(W4="No",FALSE,FALSE)) -> FALSE | Z4: =IF(ISBLANK(Y4),FALSE,Y4) -> FALSE | AA4: =IF(Z4="YES",TRUE,IF(Z4="No",FALSE,Z4)) -> FALSE | AB4: FALSE | AC4: =IF(ISBLANK(AB4),"FALSE",AB4) -> FALSE | AD4: =IF(AC4="Yes",TRUE,IF(AC4="No",FALSE,AC4)) -> FALSE | AE4: Stroke | AF4: =PROPER(AE4) -> Stroke | AG4: No | AH4: =IF(ISBLANK(AG4),"No",AG4) -> No | AI4: Critical | AJ4: Very Satisfied | AK4: Very Satisfied | AL4: =COUNTIF(AJ4:AJ1003,AK4) -> 206
A5: PID0004 | B5: A- | C5: 169 | D5: =C5/100 -> 1.69 | E5: =ROUND(G5,1) -> 89.3 | F5: =E5/D5^2 -> 31.266412 | G5: 89.3 | H5: TRUE | I5: =IF(ISBLANK(H5),FALSE,H5) -> TRUE | J5: =IF(I5="YES",TRUE,IF(I5="No",FALSE,I5)) -> TRUE | K5: TRUE | L5: =IF(ISBLANK(K5),FALSE,K5) -> TRUE | M5: =IF(L5="Yes",TRUE,IF(L5="No",FALSE,L5)) -> TRUE | N5: FALSE | O5: =IF(ISBLANK(N5),"FALSE",N5) -> FALSE | P5: =IF(O5="yes",TRUE,IF(O5="No",FALSE,O5)) -> FALSE | Q5: FALSE | R5: =IF(ISBLANK(Q5),FALSE,Q5) -> FALSE | S5: =IF(R5="Yes",TRUE,IF(R5="No",FALSE,R5)) -> FALSE | T5: 122/72 | U5: 203 | V5: TRUE | W5: =IF(ISBLANK(V5),FALSE,V5) -> TRUE | X5: =IF(W5="Yes",TRUE,IF(W5="No",FALSE,FALSE)) -> FALSE | Y5: FALSE | Z5: =IF(ISBLANK(Y5),FALSE,Y5) -> FALSE | AA5: =IF(Z5="YES",TRUE,IF(Z5="No",FALSE,Z5)) -> FALSE | AB5: TRUE | AC5: =IF(ISBLANK(AB5),"FALSE",AB5) -> TRUE | AD5: =IF(AC5="Yes",TRUE,IF(AC5="No",FALSE,AC5)) -> TRUE | AE5: Heart Attack | AF5: =PROPER(AE5) -> Heart Attack | AG5: No | AH5: =IF(ISBLANK(AG5),"No",AG5) -> No | AI5: Critical | AJ5: Neutral | AK5: Neutral | AL5: =COUNTIF(AJ5:AJ1004,AK5) -> 212
A6: PID0005 | B6: O+ | C6: 161 | D6: =C6/100 -> 1.61 | E6: =ROUND(G6,1) -> 69.4 | F6: =E6/D6^2 -> 26.773658 | G6: 69.4 | H6: TRUE | I6: =IF(ISBLANK(H6),FALSE,H6) -> TRUE | J6: =IF(I6="YES",TRUE,IF(I6="No",FALSE,I6)) -> TRUE | K6: FALSE | L6: =IF(ISBLANK(K6),FALSE,K6) -> FALSE | M6: =IF(L6="Yes",TRUE,IF(L6="No",FALSE,L6)) -> FALSE | N6: TRUE | O6: =IF(ISBLANK(N6),"FALSE",N6) -> TRUE | P6: =IF(O6="yes",TRUE,IF(O6="No",FALSE,O6)) -> TRUE | Q6: FALSE | R6: =IF(ISBLANK(Q6),FALSE,Q6) -> FALSE | S6: =IF(R6="Yes",TRUE,IF(R6="No",FALSE,R6)) -> FALSE | T6: 110/80 | U6: 164 | V6: FALSE | W6: =IF(ISBLANK(V6),FALSE,V6) -> FALSE | X6: =IF(W6="Yes",TRUE,IF(W6="No",FALSE,FALSE)) -> FALSE | Y6: FALSE | Z6: =IF(ISBLANK(Y6),FALSE,Y6) -> FALSE | AA6: =IF(Z6="YES",TRUE,IF(Z6="No",FALSE,Z6)) -> FALSE | AC6: =IF(ISBLANK(AB6),"FALSE",AB6) -> FALSE | AD6: =IF(AC6="Yes",TRUE,IF(AC6="No",FALSE,AC6)) -> FALSE | AE6: Appendicitis | AF6: =PROPER(AE6) -> Appendicitis | AG6: Yes | AH6: =IF(ISBLANK(AG6),"No",AG6) -> Yes | AI6: Critical | AJ6: Dissatisfied | AK6: Satisfied | AL6: =COUNTIF(AJ6:AJ1005,AK6) -> 192
A7: PID0006 | B7: O+ | C7: 157 | D7: =C7/100 -> 1.57 | E7: =ROUND(G7,1) -> 76.6 | F7: =E7/D7^2 -> 31.076311 | G7: 76.6 | H7: TRUE | I7: =IF(ISBLANK(H7),FALSE,H7) -> TRUE | J7: =IF(I7="YES",TRUE,IF(I7="No",FALSE,I7)) -> TRUE | K7: FALSE | L7: =IF(ISBLANK(K7),FALSE,K7) -> FALSE | M7: =IF(L7="Yes",TRUE,IF(L7="No",FALSE,L7)) -> FALSE | N7: FALSE | O7: =IF(ISBLANK(N7),"FALSE",N7) -> FALSE | P7: =IF(O7="yes",TRUE,IF(O7="No",FALSE,O7)) -> FALSE | Q7: FALSE | R7: =IF(ISBLANK(Q7),FALSE,Q7) -> FALSE | S7: =IF(R7="Yes",TRUE,IF(R7="No",FALSE,R7)) -> FALSE | T7: 110/73 | U7: 223 | V7: FALSE | W7: =IF(ISBLANK(V7),FALSE,V7) -> FALSE | X7: =IF(W7="Yes",TRUE,IF(W7="No",FALSE,FALSE)) -> FALSE | Y7: TRUE | Z7: =IF(ISBLANK(Y7),FALSE,Y7) -> TRUE | AA7: =IF(Z7="YES",TRUE,IF(Z7="No",FALSE,Z7)) -> TRUE | AB7: TRUE | AC7: =IF(ISBLANK(AB7),"FALSE",AB7) -> TRUE | AD7: =IF(AC7="Yes",TRUE,IF(AC7="No",FALSE,AC7)) -> TRUE | AE7: Fractured Arm | AF7: =PROPER(AE7) -> Fractured Arm | AG7: Yes | AH7: =IF(ISBLANK(AG7),"No",AG7) -> Yes | AI7: Critical | AJ7: Very Dissatisfied
A8: PID0007 | B8: O- | C8: 172 | D8: =C8/100 -> 1.72 | E8: =ROUND(G8,1) -> 91.5 | F8: =E8/D8^2 -> 30.92888 | G8: 91.5 | H8: FALSE | I8: =IF(ISBLANK(H8),FALSE,H8) -> FALSE | J8: =IF(I8="YES",TRUE,IF(I8="No",FALSE,I8)) -> FALSE | K8: FALSE | L8: =IF(ISBLANK(K8),FALSE,K8) -> FALSE | M8: =IF(L8="Yes",TRUE,IF(L8="No",FALSE,L8)) -> FALSE | N8: TRUE | O8: =IF(ISBLANK(N8),"FALSE",N8) -> TRUE | P8: =IF(O8="yes",TRUE,IF(O8="No",FALSE,O8)) -> TRUE | Q8: FALSE | R8: =IF(ISBLANK(Q8),FALSE,Q8) -> FALSE | S8: =IF(R8="Yes",TRUE,IF(R8="No",FALSE,R8)) -> FALSE | T8: 123/75 | U8: 219 | V8: FALSE | W8: =IF(ISBLANK(V8),FALSE,V8) -> FALSE | X8: =IF(W8="Yes",TRUE,IF(W8="No",FALSE,FALSE)) -> FALSE | Y8: TRUE | Z8: =IF(ISBLANK(Y8),FALSE,Y8) -> TRUE | AA8: =IF(Z8="YES",TRUE,IF(Z8="No",FALSE,Z8)) -> TRUE | AB8: TRUE | AC8: =IF(ISBLANK(AB8),"FALSE",AB8) -> TRUE | AD8: =IF(AC8="Yes",TRUE,IF(AC8="No",FALSE,AC8)) -> TRUE | AE8: Childbirth | AF8: =PROPER(AE8) -> Childbirth | AG8: No | AH8: =IF(ISBLANK(AG8),"No",AG8) -> No | AI8: Recovered | AJ8: Satisfied
A9: PID0008 | B9: O- | C9: 161 | D9: =C9/100 -> 1.61 | E9: =ROUND(G9,1) -> 75.6 | F9: =E9/D9^2 -> 29.165541 | G9: 75.6 | H9: TRUE | I9: =IF(ISBLANK(H9),FALSE,H9) -> TRUE | J9: =IF(I9="YES",TRUE,IF(I9="No",FALSE,I9)) -> TRUE | K9: FALSE | L9: =IF(ISBLANK(K9),FALSE,K9) -> FALSE | M9: =IF(L9="Yes",TRUE,IF(L9="No",FALSE,L9)) -> FALSE | N9: TRUE | O9: =IF(ISBLANK(N9),"FALSE",N9) -> TRUE | P9: =IF(O9="yes",TRUE,IF(O9="No",FALSE,O9)) -> TRUE | Q9: TRUE | R9: =IF(ISBLANK(Q9),FALSE,Q9) -> TRUE | S9: =IF(R9="Yes",TRUE,IF(R9="No",FALSE,R9)) -> TRUE | T9: 114/70 | U9: 211 | V9: TRUE | W9: =IF(ISBLANK(V9),FALSE,V9) -> TRUE | X9: =IF(W9="Yes",TRUE,IF(W9="No",FALSE,FALSE)) -> FALSE | Y9: FALSE | Z9: =IF(ISBLANK(Y9),FALSE,Y9) -> FALSE | AA9: =IF(Z9="YES",TRUE,IF(Z9="No",FALSE,Z9)) -> FALSE | AB9: TRUE | AC9: =IF(ISBLANK(AB9),"FALSE",AB9) -> TRUE | AD9: =IF(AC9="Yes",TRUE,IF(AC9="No",FALSE,AC9)) -> TRUE | AE9: hypertension | AF9: =PROPER(AE9) -> Hypertension | AG9: Yes | AH9: =IF(ISBLANK(AG9),"No",AG9) -> Yes | AI9: Recovered | AJ9: Dissatisfied
A10: PID0009 | B10: AB- | C10: 176 | D10: =C10/100 -> 1.76 | E10: =ROUND(G10,1) -> 90.7 | F10: =E10/D10^2 -> 29.280733 | G10: 90.7 | H10: FALSE | I10: =IF(ISBLANK(H10),FALSE,H10) -> FALSE | J10: =IF(I10="YES",TRUE,IF(I10="No",FALSE,I10)) -> FALSE | K10: FALSE | L10: =IF(ISBLANK(K10),FALSE,K10) -> FALSE | M10: =IF(L10="Yes",TRUE,IF(L10="No",FALSE,L10)) -> FALSE | N10: FALSE | O10: =IF(ISBLANK(N10),"FALSE",N10) -> FALSE | P10: =IF(O10="yes",TRUE,IF(O10="No",FALSE,O10)) -> FALSE | Q10: TRUE | R10: =IF(ISBLANK(Q10),FALSE,Q10) -> TRUE | S10: =IF(R10="Yes",TRUE,IF(R10="No",FALSE,R10)) -> TRUE | T10: 124/84 | U10: 201 | V10: TRUE | W10: =IF(ISBLANK(V10),FALSE,V10) -> TRUE | X10: =IF(W10="Yes",TRUE,IF(W10="No",FALSE,FALSE)) -> FALSE | Y10: TRUE | Z10: =IF(ISBLANK(Y10),FALSE,Y10) -> TRUE | AA10: =IF(Z10="YES",TRUE,IF(Z10="No",FALSE,Z10)) -> TRUE | AB10: TRUE | AC10: =IF(ISBLANK(AB10),"FALSE",AB10) -> TRUE | AD10: =IF(AC10="Yes",TRUE,IF(AC10="No",FALSE,AC10)) -> TRUE | AE10: Respiratory Infection | AF10: =PROPER(AE10) -> Respiratory Infection | AG10: No | AH10: =IF(ISBLANK(AG10),"No",AG10) -> No | AI10: Ongoing Treatment | AJ10: Dissatisfied
A11: PID0010 | B11: A+ | C11: 171 | D11: =C11/100 -> 1.71 | E11: =ROUND(G11,1) -> 97.9 | F11: =E11/D11^2 -> 33.480387 | G11: 97.9 | H11: TRUE | I11: =IF(ISBLANK(H11),FALSE,H11) -> TRUE | J11: =IF(I11="YES",TRUE,IF(I11="No",FALSE,I11)) -> TRUE | K11: FALSE | L11: =IF(ISBLANK(K11),FALSE,K11) -> FALSE | M11: =IF(L11="Yes",TRUE,IF(L11="No",FALSE,L11)) -> FALSE | N11: TRUE | O11: =IF(ISBLANK(N11),"FALSE",N11) -> TRUE | P11: =IF(O11="yes",TRUE,IF(O11="No",FALSE,O11)) -> TRUE | Q11: FALSE | R11: =IF(ISBLANK(Q11),FALSE,Q11) -> FALSE | S11: =IF(R11="Yes",TRUE,IF(R11="No",FALSE,R11)) -> FALSE | T11: 116/80 | U11: 224 | V11: Yes | W11: =IF(ISBLANK(V11),FALSE,V11) -> Yes | X11: =IF(W11="Yes",TRUE,IF(W11="No",FALSE,FALSE)) -> TRUE | Z11: =IF(ISBLANK(Y11),FALSE,Y11) -> FALSE | AA11: =IF(Z11="YES",TRUE,IF(Z11="No",FALSE,Z11)) -> FALSE | AB11: TRUE | AC11: =IF(ISBLANK(AB11),"FALSE",AB11) -> TRUE | AD11: =IF(AC11="Yes",TRUE,IF(AC11="No",FALSE,AC11)) -> TRUE | AE11: Heart Attack | AF11: =PROPER(AE11) -> Heart Attack | AG11: No | AH11: =IF(ISBLANK(AG11),"No",AG11) -> No | AI11: Critical | AJ11: Very Dissatisfied
A12: PID0011 | B12: AB- | C12: 167 | D12: =C12/100 -> 1.67 | E12: =ROUND(G12,1) -> 83.9 | F12: =E12/D12^2 -> 30.083545 | G12: 83.9 | H12: FALSE | I12: =IF(ISBLANK(H12),FALSE,H12) -> FALSE | J12: =IF(I12="YES",TRUE,IF(I12="No",FALSE,I12)) -> FALSE | K12: FALSE | L12: =IF(ISBLANK(K12),FALSE,K12) -> FALSE | M12: =IF(L12="Yes",TRUE,IF(L12="No",FALSE,L12)) -> FALSE | N12: FALSE | O12: =IF(ISBLANK(N12),"FALSE",N12) -> FALSE | P12: =IF(O12="yes",TRUE,IF(O12="No",FALSE,O12)) -> FALSE | Q12: FALSE | R12: =IF(ISBLANK(Q12),FALSE,Q12) -> FALSE | S12: =IF(R12="Yes",TRUE,IF(R12="No",FALSE,R12)) -> FALSE | T12: 129/71 | U12: 192 | V12: FALSE | W12: =IF(ISBLANK(V12),FALSE,V12) -> FALSE | X12: =IF(W12="Yes",TRUE,IF(W12="No",FALSE,FALSE)) -> FALSE | Y12: TRUE | Z12: =IF(ISBLANK(Y12),FALSE,Y12) -> TRUE | AA12: =IF(Z12="YES",TRUE,IF(Z12="No",FALSE,Z12)) -> TRUE | AB12: TRUE | AC12: =IF(ISBLANK(AB12),"FALSE",AB12) -> TRUE | AD12: =IF(AC12="Yes",TRUE,IF(AC12="No",FALSE,AC12)) -> TRUE | AE12: Appendicitis | AF12: =PROPER(AE12) -> Appendicitis | AG12: No | AH12: =IF(ISBLANK(AG12),"No",AG12) -> No | AI12: Ongoing Treatment | AJ12: Very Satisfied
A13: PID0012 | B13: A+ | C13: 159 | D13: =C13/100 -> 1.59 | E13: =ROUND(G13,1) -> 78.7 | F13: =E13/D13^2 -> 31.130098 | G13: 78.7 | H13: FALSE | I13: =IF(ISBLANK(H13),FALSE,H13) -> FALSE | J13: =IF(I13="YES",TRUE,IF(I13="No",FALSE,I13)) -> FALSE | K13: TRUE | L13: =IF(ISBLANK(K13),FALSE,K13) -> TRUE | M13: =IF(L13="Yes",TRUE,IF(L13="No",FALSE,L13)) -> TRUE | N13: TRUE | O13: =IF(ISBLANK(N13),"FALSE",N13) -> TRUE | P13: =IF(O13="yes",TRUE,IF(O13="No",FALSE,O13)) -> TRUE | Q13: TRUE | R13: =IF(ISBLANK(Q13),FALSE,Q13) -> TRUE | S13: =IF(R13="Yes",TRUE,IF(R13="No",FALSE,R13)) -> TRUE | T13: 110/70 | U13: 215 | V13: TRUE | W13: =IF(ISBLANK(V13),FALSE,V13) -> TRUE | X13: =IF(W13="Yes",TRUE,IF(W13="No",FALSE,FALSE)) -> FALSE | Y13: FALSE | Z13: =IF(ISBLANK(Y13),FALSE,Y13) -> FALSE | AA13: =IF(Z13="YES",TRUE,IF(Z13="No",FALSE,Z13)) -> FALSE | AB13: TRUE | AC13: =IF(ISBLANK(AB13),"FALSE",AB13) -> TRUE | AD13: =IF(AC13="Yes",TRUE,IF(AC13="No",FALSE,AC13)) -> TRUE | AE13: Osteoarthritis | AF13: =PROPER(AE13) -> Osteoarthritis | AG13: Yes | AH13: =IF(ISBLANK(AG13),"No",AG13) -> Yes | AI13: Recovered | AJ13: Very Satisfied
A14: PID0013 | B14: O+ | C14: 166 | D14: =C14/100 -> 1.66 | E14: =ROUND(G14,1) -> 92.9 | F14: =E14/D14^2 -> 33.713166 | G14: 92.9 | H14: TRUE | I14: =IF(ISBLANK(H14),FALSE,H14) -> TRUE | J14: =IF(I14="YES",TRUE,IF(I14="No",FALSE,I14)) -> TRUE | K14: TRUE | L14: =IF(ISBLANK(K14),FALSE,K14) -> TRUE | M14: =IF(L14="Yes",TRUE,IF(L14="No",FALSE,L14)) -> TRUE | N14: FALSE | O14: =IF(ISBLANK(N14),"FALSE",N14) -> FALSE | P14: =IF(O14="yes",TRUE,IF(O14="No",FALSE,O14)) -> FALSE | Q14: TRUE | R14: =IF(ISBLANK(Q14),FALSE,Q14) -> TRUE | S14: =IF(R14="Yes",TRUE,IF(R14="No",FALSE,R14)) -> TRUE | T14: 126/76 | U14: 188 | V14: TRUE | W14: =IF(ISBLANK(V14),FALSE,V14) -> TRUE | X14: =IF(W14="Yes",TRUE,IF(W14="No",FALSE,FALSE)) -> FALSE | Y14: TRUE | Z14: =IF(ISBLANK(Y14),FALSE,Y14) -> TRUE | AA14: =IF(Z14="YES",TRUE,IF(Z14="No",FALSE,Z14)) -> TRUE | AB14: TRUE | AC14: =IF(ISBLANK(AB14),"FALSE",AB14) -> TRUE | AD14: =IF(AC14="Yes",TRUE,IF(AC14="No",FALSE,AC14)) -> TRUE | AE14: kidney stones | AF14: =PROPER(AE14) -> Kidney Stones | AG14: Yes | AH14: =IF(ISBLANK(AG14),"No",AG14) -> Yes | AI14: Ongoing Treatment | AJ14: Very Satisfied
A15: PID0014 | B15: AB+ | C15: 171 | D15: =C15/100 -> 1.71 | E15: =ROUND(G15,1) -> 78.3 | F15: =E15/D15^2 -> 26.77747 | G15: 78.3 | H15: FALSE | I15: =IF(ISBLANK(H15),FALSE,H15) -> FALSE | J15: =IF(I15="YES",TRUE,IF(I15="No",FALSE,I15)) -> FALSE | K15: FALSE | L15: =IF(ISBLANK(K15),FALSE,K15) -> FALSE | M15: =IF(L15="Yes",TRUE,IF(L15="No",FALSE,L15)) -> FALSE | N15: FALSE | O15: =IF(ISBLANK(N15),"FALSE",N15) -> FALSE | P15: =IF(O15="yes",TRUE,IF(O15="No",FALSE,O15)) -> FALSE | Q15: FALSE | R15: =IF(ISBLANK(Q15),FALSE,Q15) -> FALSE | S15: =IF(R15="Yes",TRUE,IF(R15="No",FALSE,R15)) -> FALSE | T15: 116/89 | U15: 190 | V15: FALSE | W15: =IF(ISBLANK(V15),FALSE,V15) -> FALSE | X15: =IF(W15="Yes",TRUE,IF(W15="No",FALSE,FALSE)) -> FALSE | Y15: FALSE | Z15: =IF(ISBLANK(Y15),FALSE,Y15) -> FALSE | AA15: =IF(Z15="YES",TRUE,IF(Z15="No",FALSE,Z15)) -> FALSE | AB15: FALSE | AC15: =IF(ISBLANK(AB15),"FALSE",AB15) -> FALSE | AD15: =IF(AC15="Yes",TRUE,IF(AC15="No",FALSE,AC15)) -> FALSE | AE15: Hypertension | AF15: =PROPER(AE15) -> Hypertension | AG15: Yes | AH15: =IF(ISBLANK(AG15),"No",AG15) -> Yes | AI15: Critical | AJ15: Very Satisfied
A16: PID0015 | B16: AB+ | C16: 157 | D16: =C16/100 -> 1.57 | E16: =ROUND(G16,1) -> 60.1 | F16: =E16/D16^2 -> 24.382328 | G16: 60.1 | H16: TRUE | I16: =IF(ISBLANK(H16),FALSE,H16) -> TRUE | J16: =IF(I16="YES",TRUE,IF(I16="No",FALSE,I16)) -> TRUE | K16: TRUE | L16: =IF(ISBLANK(K16),FALSE,K16) -> TRUE | M16: =IF(L16="Yes",TRUE,IF(L16="No",FALSE,L16)) -> TRUE | N16: FALSE | O16: =IF(ISBLANK(N16),"FALSE",N16) -> FALSE | P16: =IF(O16="yes",TRUE,IF(O16="No",FALSE,O16)) -> FALSE | Q16: FALSE | R16: =IF(ISBLANK(Q16),FALSE,Q16) -> FALSE | S16: =IF(R16="Yes",TRUE,IF(R16="No",FALSE,R16)) -> FALSE | T16: 129/73 | U16: 221 | V16: FALSE | W16: =IF(ISBLANK(V16),FALSE,V16) -> FALSE | X16: =IF(W16="Yes",TRUE,IF(W16="No",FALSE,FALSE)) -> FALSE | Y16: No | Z16: =IF(ISBLANK(Y16),FALSE,Y16) -> No | AA16: =IF(Z16="YES",TRUE,IF(Z16="No",FALSE,Z16)) -> FALSE | AB16: FALSE | AC16: =IF(ISBLANK(AB16),"FALSE",AB16) -> FALSE | AD16: =IF(AC16="Yes",TRUE,IF(AC16="No",FALSE,AC16)) -> FALSE | AE16: Stroke | AF16: =PROPER(AE16) -> Stroke | AG16: No | AH16: =IF(ISBLANK(AG16),"No",AG16) -> No | AI16: Critical | AJ16: Very Dissatisfied
A17: PID0016 | B17: B+ | C17: 165 | D17: =C17/100 -> 1.65 | E17: =ROUND(G17,1) -> 91.6 | F17: =E17/D17^2 -> 33.645546 | G17: 91.6 | H17: TRUE | I17: =IF(ISBLANK(H17),FALSE,H17) -> TRUE | J17: =IF(I17="YES",TRUE,IF(I17="No",FALSE,I17)) -> TRUE | K17: FALSE | L17: =IF(ISBLANK(K17),FALSE,K17) -> FALSE | M17: =IF(L17="Yes",TRUE,IF(L17="No",FALSE,L17)) -> FALSE | N17: FALSE | O17: =IF(ISBLANK(N17),"FALSE",N17) -> FALSE | P17: =IF(O17="yes",TRUE,IF(O17="No",FALSE,O17)) -> FALSE | Q17: FALSE | R17: =IF(ISBLANK(Q17),FALSE,Q17) -> FALSE | S17: =IF(R17="Yes",TRUE,IF(R17="No",FALSE,R17)) -> FALSE | T17: 112/86 | U17: 186 | V17: TRUE | W17: =IF(ISBLANK(V17),FALSE,V17) -> TRUE | X17: =IF(W17="Yes",TRUE,IF(W17="No",FALSE,FALSE)) -> FALSE | Y17: FALSE | Z17: =IF(ISBLANK(Y17),FALSE,Y17) -> FALSE | AA17: =IF(Z17="YES",TRUE,IF(Z17="No",FALSE,Z17)) -> FALSE | AB17: TRUE | AC17: =IF(ISBLANK(AB17),"FALSE",AB17) -> TRUE | AD17: =IF(AC17="Yes",TRUE,IF(AC17="No",FALSE,AC17)) -> TRUE | AE17: Heart Disease | AF17: =PROPER(AE17) -> Heart Disease | AG17: Yes | AH17: =IF(ISBLANK(AG17),"No",AG17) -> Yes | AI17: Ongoing Treatment | AJ17: Dissatisfied
A18: PID0017 | B18: A+ | C18: 167 | D18: =C18/100 -> 1.67 | E18: =ROUND(G18,1) -> 60.6 | F18: =E18/D18^2 -> 21.728997 | G18: 60.6 | H18: FALSE | I18: =IF(ISBLANK(H18),FALSE,H18) -> FALSE | J18: =IF(I18="YES",TRUE,IF(I18="No",FALSE,I18)) -> FALSE | K18: FALSE | L18: =IF(ISBLANK(K18),FALSE,K18) -> FALSE | M18: =IF(L18="Yes",TRUE,IF(L18="No",FALSE,L18)) -> FALSE | N18: TRUE | O18: =IF(ISBLANK(N18),"FALSE",N18) -> TRUE | P18: =IF(O18="yes",TRUE,IF(O18="No",FALSE,O18)) -> TRUE | Q18: FALSE | R18: =IF(ISBLANK(Q18),FALSE,Q18) -> FALSE | S18: =IF(R18="Yes",TRUE,IF(R18="No",FALSE,R18)) -> FALSE | T18: 129/85 | U18: 170 | V18: FALSE | W18: =IF(ISBLANK(V18),FALSE,V18) -> FALSE | X18: =IF(W18="Yes",TRUE,IF(W18="No",FALSE,FALSE)) -> FALSE | Y18: FALSE | Z18: =IF(ISBLANK(Y18),FALSE,Y18) -> FALSE | AA18: =IF(Z18="YES",TRUE,IF(Z18="No",FALSE,Z18)) -> FALSE | AB18: FALSE | AC18: =IF(ISBLANK(AB18),"FALSE",AB18) -> FALSE | AD18: =IF(AC18="Yes",TRUE,IF(AC18="No",FALSE,AC18)) -> FALSE | AE18: Osteoarthritis | AF18: =PROPER(AE18) -> Osteoarthritis | AG18: Yes | AH18: =IF(ISBLANK(AG18),"No",AG18) -> Yes | AI18: Critical | AJ18: Very Dissatisfied
A19: PID0018 | B19: O+ | C19: 167 | D19: =C19/100 -> 1.67 | E19: =ROUND(G19,1) -> 93.5 | F19: =E19/D19^2 -> 33.525763 | G19: 93.5 | H19: FALSE | I19: =IF(ISBLANK(H19),FALSE,H19) -> FALSE | J19: =IF(I19="YES",TRUE,IF(I19="No",FALSE,I19)) -> FALSE | K19: TRUE | L19: =IF(ISBLANK(K19),FALSE,K19) -> TRUE | M19: =IF(L19="Yes",TRUE,IF(L19="No",FALSE,L19)) -> TRUE | N19: FALSE | O19: =IF(ISBLANK(N19),"FALSE",N19) -> FALSE | P19: =IF(O19="yes",TRUE,IF(O19="No",FALSE,O19)) -> FALSE | Q19: TRUE | R19: =IF(ISBLANK(Q19),FALSE,Q19) -> TRUE | S19: =IF(R19="Yes",TRUE,IF(R19="No",FALSE,R19)) -> TRUE | T19: 128/70 | U19: 191 | V19: TRUE | W19: =IF(ISBLANK(V19),FALSE,V19) -> TRUE | X19: =IF(W19="Yes",TRUE,IF(W19="No",FALSE,FALSE)) -> FALSE | Y19: FALSE | Z19: =IF(ISBLANK(Y19),FALSE,Y19) -> FALSE | AA19: =IF(Z19="YES",TRUE,IF(Z19="No",FALSE,Z19)) -> FALSE | AB19: TRUE | AC19: =IF(ISBLANK(AB19),"FALSE",AB19) -> TRUE | AD19: =IF(AC19="Yes",TRUE,IF(AC19="No",FALSE,AC19)) -> TRUE | AE19: Childbirth | AF19: =PROPER(AE19) -> Childbirth | AG19: No | AH19: =IF(ISBLANK(AG19),"No",AG19) -> No | AI19: Critical | AJ19: Very Satisfied
A20: PID0019 | B20: O+ | C20: 171 | D20: =C20/100 -> 1.71 | E20: =ROUND(G20,1) -> 99 | F20: =E20/D20^2 -> 33.856571 | G20: 99 | H20: TRUE | I20: =IF(ISBLANK(H20),FALSE,H20) -> TRUE | J20: =IF(I20="YES",TRUE,IF(I20="No",FALSE,I20)) -> TRUE | K20: TRUE | L20: =IF(ISBLANK(K20),FALSE,K20) -> TRUE | M20: =IF(L20="Yes",TRUE,IF(L20="No",FALSE,L20)) -> TRUE | N20: FALSE | O20: =IF(ISBLANK(N20),"FALSE",N20) -> FALSE | P20: =IF(O20="yes",TRUE,IF(O20="No",FALSE,O20)) -> FALSE | Q20: FALSE | R20: =IF(ISBLANK(Q20),FALSE,Q20) -> FALSE | S20: =IF(R20="Yes",TRUE,IF(R20="No",FALSE,R20)) -> FALSE | T20: 117/76 | U20: 181 | V20: FALSE | W20: =IF(ISBLANK(V20),FALSE,V20) -> FALSE | X20: =IF(W20="Yes",TRUE,IF(W20="No",FALSE,FALSE)) -> FALSE | Y20: TRUE | Z20: =IF(ISBLANK(Y20),FALSE,Y20) -> TRUE | AA20: =IF(Z20="YES",TRUE,IF(Z20="No",FALSE,Z20)) -> TRUE | AB20: TRUE | AC20: =IF(ISBLANK(AB20),"FALSE",AB20) -> TRUE | AD20: =IF(AC20="Yes",TRUE,IF(AC20="No",FALSE,AC20)) -> TRUE | AE20: allergic reaction | AF20: =PROPER(AE20) -> Allergic Reaction | AG20: No | AH20: =IF(ISBLANK(AG20),"No",AG20) -> No | AI20: Ongoing Treatment | AJ20: Dissatisfied
A21: PID0020 | B21: A- | C21: 161 | D21: =C21/100 -> 1.61 | E21: =ROUND(G21,1) -> 73.7 | F21: =E21/D21^2 -> 28.432545 | G21: 73.7 | H21: FALSE | I21: =IF(ISBLANK(H21),FALSE,H21) -> FALSE | J21: =IF(I21="YES",TRUE,IF(I21="No",FALSE,I21)) -> FALSE | K21: FALSE | L21: =IF(ISBLANK(K21),FALSE,K21) -> FALSE | M21: =IF(L21="Yes",TRUE,IF(L21="No",FALSE,L21)) -> FALSE | N21: FALSE | O21: =IF(ISBLANK(N21),"FALSE",N21) -> FALSE | P21: =IF(O21="yes",TRUE,IF(O21="No",FALSE,O21)) -> FALSE | Q21: TRUE | R21: =IF(ISBLANK(Q21),FALSE,Q21) -> TRUE | S21: =IF(R21="Yes",TRUE,IF(R21="No",FALSE,R21)) -> TRUE | T21: 121/77 | U21: 174 | V21: TRUE | W21: =IF(ISBLANK(V21),FALSE,V21) -> TRUE | X21: =IF(W21="Yes",TRUE,IF(W21="No",FALSE,FALSE)) -> FALSE | Y21: TRUE | Z21: =IF(ISBLANK(Y21),FALSE,Y21) -> TRUE | AA21: =IF(Z21="YES",TRUE,IF(Z21="No",FALSE,Z21)) -> TRUE | AB21: TRUE | AC21: =IF(ISBLANK(AB21),"FALSE",AB21) -> TRUE | AD21: =IF(AC21="Yes",TRUE,IF(AC21="No",FALSE,AC21)) -> TRUE | AE21: Respiratory Infection | AF21: =PROPER(AE21) -> Respiratory Infection | AG21: Yes | AH21: =IF(ISBLANK(AG21),"No",AG21) -> Yes | AI21: Critical | AJ21: Satisfied
A22: PID0021 | B22: A- | C22: 161 | D22: =C22/100 -> 1.61 | E22: =ROUND(G22,1) -> 54 | F22: =E22/D22^2 -> 20.83253 | G22: 54 | H22: FALSE | I22: =IF(ISBLANK(H22),FALSE,H22) -> FALSE | J22: =IF(I22="YES",TRUE,IF(I22="No",FALSE,I22)) -> FALSE | K22: FALSE | L22: =IF(ISBLANK(K22),FALSE,K22) -> FALSE | M22: =IF(L22="Yes",TRUE,IF(L22="No",FALSE,L22)) -> FALSE | N22: TRUE | O22: =IF(ISBLANK(N22),"FALSE",N22) -> TRUE | P22: =IF(O22="yes",TRUE,IF(O22="No",FALSE,O22)) -> TRUE | Q22: FALSE | R22: =IF(ISBLANK(Q22),FALSE,Q22) -> FALSE | S22: =IF(R22="Yes",TRUE,IF(R22="No",FALSE,R22)) -> FALSE | T22: 114/72 | U22: 222 | W22: =IF(ISBLANK(V22),FALSE,V22) -> FALSE | X22: =IF(W22="Yes",TRUE,IF(W22="No",FALSE,FALSE)) -> FALSE | Y22: FALSE | Z22: =IF(ISBLANK(Y22),FALSE,Y22) -> FALSE | AA22: =IF(Z22="YES",TRUE,IF(Z22="No",FALSE,Z22)) -> FALSE | AB22: FALSE | AC22: =IF(ISBLANK(AB22),"FALSE",AB22) -> FALSE | AD22: =IF(AC22="Yes",TRUE,IF(AC22="No",FALSE,AC22)) -> FALSE | AE22: Kidney Stones | AF22: =PROPER(AE22) -> Kidney Stones | AG22: No | AH22: =IF(ISBLANK(AG22),"No",AG22) -> No | AI22: Ongoing Treatment | AJ22: Neutral
A23: PID0022 | B23: B- | C23: 172 | D23: =C23/100 -> 1.72 | E23: =ROUND(G23,1) -> 76 | F23: =E23/D23^2 -> 25.689562 | G23: 76 | H23: FALSE | I23: =IF(ISBLANK(H23),FALSE,H23) -> FALSE | J23: =IF(I23="YES",TRUE,IF(I23="No",FALSE,I23)) -> FALSE | K23: FALSE | L23: =IF(ISBLANK(K23),FALSE,K23) -> FALSE | M23: =IF(L23="Yes",TRUE,IF(L23="No",FALSE,L23)) -> FALSE | N23: FALSE | O23: =IF(ISBLANK(N23),"FALSE",N23) -> FALSE | P23: =IF(O23="yes",TRUE,IF(O23="No",FALSE,O23)) -> FALSE | Q23: FALSE | R23: =IF(ISBLANK(Q23),FALSE,Q23) -> FALSE | S23: =IF(R23="Yes",TRUE,IF(R23="No",FALSE,R23)) -> FALSE | T23: 112/84 | U23: 203 | V23: FALSE | W23: =IF(ISBLANK(V23),FALSE,V23) -> FALSE | X23: =IF(W23="Yes",TRUE,IF(W23="No",FALSE,FALSE)) -> FALSE | Y23: FALSE | Z23: =IF(ISBLANK(Y23),FALSE,Y23) -> FALSE | AA23: =IF(Z23="YES",TRUE,IF(Z23="No",FALSE,Z23)) -> FALSE | AB23: FALSE | AC23: =IF(ISBLANK(AB23),"FALSE",AB23) -> FALSE | AD23: =IF(AC23="Yes",TRUE,IF(AC23="No",FALSE,AC23)) -> FALSE | AE23: fractured leg | AF23: =PROPER(AE23) -> Fractured Leg | AG23: Yes | AH23: =IF(ISBLANK(AG23),"No",AG23) -> Yes | AI23: Ongoing Treatment | AJ23: Satisfied
A24: PID0023 | B24: A- | C24: 169 | D24: =C24/100 -> 1.69 | E24: =ROUND(G24,1) -> 86.3 | F24: =E24/D24^2 -> 30.216029 | G24: 86.3 | H24: FALSE | I24: =IF(ISBLANK(H24),FALSE,H24) -> FALSE | J24: =IF(I24="YES",TRUE,IF(I24="No",FALSE,I24)) -> FALSE | K24: FALSE | L24: =IF(ISBLANK(K24),FALSE,K24) -> FALSE | M24: =IF(L24="Yes",TRUE,IF(L24="No",FALSE,L24)) -> FALSE | N24: FALSE | O24: =IF(ISBLANK(N24),"FALSE",N24) -> FALSE | P24: =IF(O24="yes",TRUE,IF(O24="No",FALSE,O24)) -> FALSE | Q24: FALSE | R24: =IF(ISBLANK(Q24),FALSE,Q24) -> FALSE | S24: =IF(R24="Yes",TRUE,IF(R24="No",FALSE,R24)) -> FALSE | T24: 123/83 | U24: 157 | V24: FALSE | W24: =IF(ISBLANK(V24),FALSE,V24) -> FALSE | X24: =IF(W24="Yes",TRUE,IF(W24="No",FALSE,FALSE)) -> FALSE | Y24: TRUE | Z24: =IF(ISBLANK(Y24),FALSE,Y24) -> TRUE | AA24: =IF(Z24="YES",TRUE,IF(Z24="No",FALSE,Z24)) -> TRUE | AB24: TRUE | AC24: =IF(ISBLANK(AB24),"FALSE",AB24) -> TRUE | AD24: =IF(AC24="Yes",TRUE,IF(AC24="No",FALSE,AC24)) -> TRUE | AE24: kidney stones | AF24: =PROPER(AE24) -> Kidney Stones | AG24: No | AH24: =IF(ISBLANK(AG24),"No",AG24) -> No | AI24: Recovered | AJ24: Dissatisfied
A25: PID0024 | B25: O- | C25: 163 | D25: =C25/100 -> 1.63 | E25: =ROUND(G25,1) -> 64.2 | F25: =E25/D25^2 -> 24.163499 | G25: 64.2 | H25: FALSE | I25: =IF(ISBLANK(H25),FALSE,H25) -> FALSE | J25: =IF(I25="YES",TRUE,IF(I25="No",FALSE,I25)) -> FALSE | K25: FALSE | L25: =IF(ISBLANK(K25),FALSE,K25) -> FALSE | M25: =IF(L25="Yes",TRUE,IF(L25="No",FALSE,L25)) -> FALSE | N25: FALSE | O25: =IF(ISBLANK(N25),"FALSE",N25) -> FALSE | P25: =IF(O25="yes",TRUE,IF(O25="No",FALSE,O25)) -> FALSE | Q25: FALSE | R25: =IF(ISBLANK(Q25),FALSE,Q25) -> FALSE | S25: =IF(R25="Yes",TRUE,IF(R25="No",FALSE,R25)) -> FALSE | T25: 127/81 | U25: 216 | V25: FALSE | W25: =IF(ISBLANK(V25),FALSE,V25) -> FALSE | X25: =IF(W25="Yes",TRUE,IF(W25="No",FALSE,FALSE)) -> FALSE | Y25: FALSE | Z25: =IF(ISBLANK(Y25),FALSE,Y25) -> FALSE | AA25: =IF(Z25="YES",TRUE,IF(Z25="No",FALSE,Z25)) -> FALSE | AB25: FALSE | AC25: =IF(ISBLANK(AB25),"FALSE",AB25) -> FALSE | AD25: =IF(AC25="Yes",TRUE,IF(AC25="No",FALSE,AC25)) -> FALSE | AE25: diabetes | AF25: =PROPER(AE25) -> Diabetes | AG25: No | AH25: =IF(ISBLANK(AG25),"No",AG25) -> No | AI25: Recovered | AJ25: Very Dissatisfied
A26: PID0025 | B26: B+ | C26: 175 | D26: =C26/100 -> 1.75 | E26: =ROUND(G26,1) -> 61.5 | F26: =E26/D26^2 -> 20.081633 | G26: 61.5 | H26: FALSE | I26: =IF(ISBLANK(H26),FALSE,H26) -> FALSE | J26: =IF(I26="YES",TRUE,IF(I26="No",FALSE,I26)) -> FALSE | K26: FALSE | L26: =IF(ISBLANK(K26),FALSE,K26) -> FALSE | M26: =IF(L26="Yes",TRUE,IF(L26="No",FALSE,L26)) -> FALSE | N26: FALSE | O26: =IF(ISBLANK(N26),"FALSE",N26) -> FALSE | P26: =IF(O26="yes",TRUE,IF(O26="No",FALSE,O26)) -> FALSE | Q26: FALSE | R26: =IF(ISBLANK(Q26),FALSE,Q26) -> FALSE | S26: =IF(R26="Yes",TRUE,IF(R26="No",FALSE,R26)) -> FALSE | T26: 128/71 | U26: 201 | V26: FALSE | W26: =IF(ISBLANK(V26),FALSE,V26) -> FALSE | X26: =IF(W26="Yes",TRUE,IF(W26="No",FALSE,FALSE)) -> FALSE | Z26: =IF(ISBLANK(Y26),FALSE,Y26) -> FALSE | AA26: =IF(Z26="YES",TRUE,IF(Z26="No",FALSE,Z26)) -> FALSE | AB26: FALSE | AC26: =IF(ISBLANK(AB26),"FALSE",AB26) -> FALSE | AD26: =IF(AC26="Yes",TRUE,IF(AC26="No",FALSE,AC26)) -> FALSE | AE26: Osteoarthritis | AF26: =PROPER(AE26) -> Osteoarthritis | AG26: Yes | AH26: =IF(ISBLANK(AG26),"No",AG26) -> Yes | AI26: Recovered | AJ26: Neutral
A27: PID0026 | B27: AB+ | C27: 150 | D27: =C27/100 -> 1.5 | E27: =ROUND(G27,1) -> 68.4 | F27: =E27/D27^2 -> 30.4 | G27: 68.4 | H27: FALSE | I27: =IF(ISBLANK(H27),FALSE,H27) -> FALSE | J27: =IF(I27="YES",TRUE,IF(I27="No",FALSE,I27)) -> FALSE | K27: TRUE | L27: =IF(ISBLANK(K27),FALSE,K27) -> TRUE | M27: =IF(L27="Yes",TRUE,IF(L27="No",FALSE,L27)) -> TRUE | N27: FALSE | O27: =IF(ISBLANK(N27),"FALSE",N27) -> FALSE | P27: =IF(O27="yes",TRUE,IF(O27="No",FALSE,O27)) -> FALSE | Q27: TRUE | R27: =IF(ISBLANK(Q27),FALSE,Q27) -> TRUE | S27: =IF(R27="Yes",TRUE,IF(R27="No",FALSE,R27)) -> TRUE | T27: 128/85 | U27: 170 | V27: TRUE | W27: =IF(ISBLANK(V27),FALSE,V27) -> TRUE | X27: =IF(W27="Yes",TRUE,IF(W27="No",FALSE,FALSE)) -> FALSE | Y27: FALSE | Z27: =IF(ISBLANK(Y27),FALSE,Y27) -> FALSE | AA27: =IF(Z27="YES",TRUE,IF(Z27="No",FALSE,Z27)) -> FALSE | AB27: TRUE | AC27: =IF(ISBLANK(AB27),"FALSE",AB27) -> TRUE | AD27: =IF(AC27="Yes",TRUE,IF(AC27="No",FALSE,AC27)) -> TRUE | AE27: kidney stones | AF27: =PROPER(AE27) -> Kidney Stones | AG27: No | AH27: =IF(ISBLANK(AG27),"No",AG27) -> No | AI27: Ongoing Treatment | AJ27: Dissatisfied
A28: PID0027 | B28: A+ | C28: 169 | D28: =C28/100 -> 1.69 | E28: =ROUND(G28,1) -> 70.1 | F28: =E28/D28^2 -> 24.543959 | G28: 70.1 | H28: FALSE | I28: =IF(ISBLANK(H28),FALSE,H28) -> FALSE | J28: =IF(I28="YES",TRUE,IF(I28="No",FALSE,I28)) -> FALSE | K28: TRUE | L28: =IF(ISBLANK(K28),FALSE,K28) -> TRUE | M28: =IF(L28="Yes",TRUE,IF(L28="No",FALSE,L28)) -> TRUE | N28: FALSE | O28: =IF(ISBLANK(N28),"FALSE",N28) -> FALSE | P28: =IF(O28="yes",TRUE,IF(O28="No",FALSE,O28)) -> FALSE | Q28: FALSE | R28: =IF(ISBLANK(Q28),FALSE,Q28) -> FALSE | S28: =IF(R28="Yes",TRUE,IF(R28="No",FALSE,R28)) -> FALSE | T28: 125/81 | U28: 213 | V28: FALSE | W28: =IF(ISBLANK(V28),FALSE,V28) -> FALSE | X28: =IF(W28="Yes",TRUE,IF(W28="No",FALSE,FALSE)) -> FALSE | Y28: FALSE | Z28: =IF(ISBLANK(Y28),FALSE,Y28) -> FALSE | AA28: =IF(Z28="YES",TRUE,IF(Z28="No",FALSE,Z28)) -> FALSE | AC28: =IF(ISBLANK(AB28),"FALSE",AB28) -> FALSE | AD28: =IF(AC28="Yes",TRUE,IF(AC28="No",FALSE,AC28)) -> FALSE | AE28: Osteoarthritis | AF28: =PROPER(AE28) -> Osteoarthritis | AG28: Yes | AH28: =IF(ISBLANK(AG28),"No",AG28) -> Yes | AI28: Critical | AJ28: Very Dissatisfied
A29: PID0028 | B29: O- | C29: 163 | D29: =C29/100 -> 1.63 | E29: =ROUND(G29,1) -> 54.5 | F29: =E29/D29^2 -> 20.512627 | G29: 54.5 | H29: TRUE | I29: =IF(ISBLANK(H29),FALSE,H29) -> TRUE | J29: =IF(I29="YES",TRUE,IF(I29="No",FALSE,I29)) -> TRUE | K29: FALSE | L29: =IF(ISBLANK(K29),FALSE,K29) -> FALSE | M29: =IF(L29="Yes",TRUE,IF(L29="No",FALSE,L29)) -> FALSE | N29: FALSE | O29: =IF(ISBLANK(N29),"FALSE",N29) -> FALSE | P29: =IF(O29="yes",TRUE,IF(O29="No",FALSE,O29)) -> FALSE | Q29: FALSE | R29: =IF(ISBLANK(Q29),FALSE,Q29) -> FALSE | S29: =IF(R29="Yes",TRUE,IF(R29="No",FALSE,R29)) -> FALSE | T29: 125/79 | U29: 190 | V29: FALSE | W29: =IF(ISBLANK(V29),FALSE,V29) -> FALSE | X29: =IF(W29="Yes",TRUE,IF(W29="No",FALSE,FALSE)) -> FALSE | Y29: FALSE | Z29: =IF(ISBLANK(Y29),FALSE,Y29) -> FALSE | AA29: =IF(Z29="YES",TRUE,IF(Z29="No",FALSE,Z29)) -> FALSE | AB29: FALSE | AC29: =IF(ISBLANK(AB29),"FALSE",AB29) -> FALSE | AD29: =IF(AC29="Yes",TRUE,IF(AC29="No",FALSE,AC29)) -> FALSE | AE29: Cancer | AF29: =PROPER(AE29) -> Cancer | AG29: Yes | AH29: =IF(ISBLANK(AG29),"No",AG29) -> Yes | AI29: Ongoing Treatment | AJ29: Very Dissatisfied
A30: PID0029 | B30: A- | C30: 166 | D30: =C30/100 -> 1.66 | E30: =ROUND(G30,1) -> 95 | F30: =E30/D30^2 -> 34.47525 | G30: 95 | H30: TRUE | I30: =IF(ISBLANK(H30),FALSE,H30) -> TRUE | J30: =IF(I30="YES",TRUE,IF(I30="No",FALSE,I30)) -> TRUE | K30: FALSE | L30: =IF(ISBLANK(K30),FALSE,K30) -> FALSE | M30: =IF(L30="Yes",TRUE,IF(L30="No",FALSE,L30)) -> FALSE | N30: TRUE | O30: =IF(ISBLANK(N30),"FALSE",N30) -> TRUE | P30: =IF(O30="yes",TRUE,IF(O30="No",FALSE,O30)) -> TRUE | Q30: TRUE | R30: =IF(ISBLANK(Q30),FALSE,Q30) -> TRUE | S30: =IF(R30="Yes",TRUE,IF(R30="No",FALSE,R30)) -> TRUE | T30: 114/70 | U30: 164 | V30: TRUE | W30: =IF(ISBLANK(V30),FALSE,V30) -> TRUE | X30: =IF(W30="Yes",TRUE,IF(W30="No",FALSE,FALSE)) -> FALSE | Y30: FALSE | Z30: =IF(ISBLANK(Y30),FALSE,Y30) -> FALSE | AA30: =IF(Z30="YES",TRUE,IF(Z30="No",FALSE,Z30)) -> FALSE | AB30: TRUE | AC30: =IF(ISBLANK(AB30),"FALSE",AB30) -> TRUE | AD30: =IF(AC30="Yes",TRUE,IF(AC30="No",FALSE,AC30)) -> TRUE | AE30: prostate cancer | AF30: =PROPER(AE30) -> Prostate Cancer | AG30: Yes | AH30: =IF(ISBLANK(AG30),"No",AG30) -> Yes | AI30: Ongoing Treatment | AJ30: Very Dissatisfied
A31: PID0030 | B31: B- | C31: 166 | D31: =C31/100 -> 1.66 | E31: =ROUND(G31,1) -> 73.9 | F31: =E31/D31^2 -> 26.818116 | G31: 73.9 | H31: FALSE | I31: =IF(ISBLANK(H31),FALSE,H31) -> FALSE | J31: =IF(I31="YES",TRUE,IF(I31="No",FALSE,I31)) -> FALSE | K31: FALSE | L31: =IF(ISBLANK(K31),FALSE,K31) -> FALSE | M31: =IF(L31="Yes",TRUE,IF(L31="No",FALSE,L31)) -> FALSE | N31: FALSE | O31: =IF(ISBLANK(N31),"FALSE",N31) -> FALSE | P31: =IF(O31="yes",TRUE,IF(O31="No",FALSE,O31)) -> FALSE | Q31: FALSE | R31: =IF(ISBLANK(Q31),FALSE,Q31) -> FALSE | S31: =IF(R31="Yes",TRUE,IF(R31="No",FALSE,R31)) -> FALSE | T31: 117/75 | U31: 166 | V31: FALSE | W31: =IF(ISBLANK(V31),FALSE,V31) -> FALSE | X31: =IF(W31="Yes",TRUE,IF(W31="No",FALSE,FALSE)) -> FALSE | Y31: FALSE | Z31: =IF(ISBLANK(Y31),FALSE,Y31) -> FALSE | AA31: =IF(Z31="YES",TRUE,IF(Z31="No",FALSE,Z31)) -> FALSE | AB31: FALSE | AC31: =IF(ISBLANK(AB31),"FALSE",AB31) -> FALSE | AD31: =IF(AC31="Yes",TRUE,IF(AC31="No",FALSE,AC31)) -> FALSE | AE31: Allergic Reaction | AF31: =PROPER(AE31) -> Allergic Reaction | AG31: No | AH31: =IF(ISBLANK(AG31),"No",AG31) -> No | AI31: Ongoing Treatment | AJ31: Neutral
A32: PID0031 | B32: A+ | C32: 161 | D32: =C32/100 -> 1.61 | E32: =ROUND(G32,1) -> 59.4 | F32: =E32/D32^2 -> 22.915783 | G32: 59.4 | H32: TRUE | I32: =IF(ISBLANK(H32),FALSE,H32) -> TRUE | J32: =IF(I32="YES",TRUE,IF(I32="No",FALSE,I32)) -> TRUE | K32: FALSE | L32: =IF(ISBLANK(K32),FALSE,K32) -> FALSE | M32: =IF(L32="Yes",TRUE,IF(L32="No",FALSE,L32)) -> FALSE | N32: TRUE | O32: =IF(ISBLANK(N32),"FALSE",N32) -> TRUE | P32: =IF(O32="yes",TRUE,IF(O32="No",FALSE,O32)) -> TRUE | Q32: FALSE | R32: =IF(ISBLANK(Q32),FALSE,Q32) -> FALSE | S32: =IF(R32="Yes",TRUE,IF(R32="No",FALSE,R32)) -> FALSE | T32: 127/71 | U32: 202 | V32: FALSE | W32: =IF(ISBLANK(V32),FALSE,V32) -> FALSE | X32: =IF(W32="Yes",TRUE,IF(W32="No",FALSE,FALSE)) -> FALSE | Y32: FALSE | Z32: =IF(ISBLANK(Y32),FALSE,Y32) -> FALSE | AA32: =IF(Z32="YES",TRUE,IF(Z32="No",FALSE,Z32)) -> FALSE | AB32: FALSE | AC32: =IF(ISBLANK(AB32),"FALSE",AB32) -> FALSE | AD32: =IF(AC32="Yes",TRUE,IF(AC32="No",FALSE,AC32)) -> FALSE | AE32: Cancer | AF32: =PROPER(AE32) -> Cancer | AG32: No | AH32: =IF(ISBLANK(AG32),"No",AG32) -> No | AI32: Critical | AJ32: Neutral
A33: PID0032 | B33: A- | C33: 156 | D33: =C33/100 -> 1.56 | E33: =ROUND(G33,1) -> 59.4 | F33: =E33/D33^2 -> 24.408284 | G33: 59.4 | H33: FALSE | I33: =IF(ISBLANK(H33),FALSE,H33) -> FALSE | J33: =IF(I33="YES",TRUE,IF(I33="No",FALSE,I33)) -> FALSE | K33: TRUE | L33: =IF(ISBLANK(K33),FALSE,K33) -> TRUE | M33: =IF(L33="Yes",TRUE,IF(L33="No",FALSE,L33)) -> TRUE | N33: TRUE | O33: =IF(ISBLANK(N33),"FALSE",N33) -> TRUE | P33: =IF(O33="yes",TRUE,IF(O33="No",FALSE,O33)) -> TRUE | Q33: FALSE | R33: =IF(ISBLANK(Q33),FALSE,Q33) -> FALSE | S33: =IF(R33="Yes",TRUE,IF(R33="No",FALSE,R33)) -> FALSE | T33: 129/83 | U33: 196 | V33: FALSE | W33: =IF(ISBLANK(V33),FALSE,V33) -> FALSE | X33: =IF(W33="Yes",TRUE,IF(W33="No",FALSE,FALSE)) -> FALSE | Y33: FALSE | Z33: =IF(ISBLANK(Y33),FALSE,Y33) -> FALSE | AA33: =IF(Z33="YES",TRUE,IF(Z33="No",FALSE,Z33)) -> FALSE | AB33: FALSE | AC33: =IF(ISBLANK(AB33),"FALSE",AB33) -> FALSE | AD33: =IF(AC33="Yes",TRUE,IF(AC33="No",FALSE,AC33)) -> FALSE | AE33: prostate cancer | AF33: =PROPER(AE33) -> Prostate Cancer | AG33: No | AH33: =IF(ISBLANK(AG33),"No",AG33) -> No | AI33: Ongoing Treatment | AJ33: Satisfied
A34: PID0033 | B34: A+ | C34: 170 | D34: =C34/100 -> 1.7 | E34: =ROUND(G34,1) -> 73.7 | F34: =E34/D34^2 -> 25.50173 | G34: 73.7 | H34: FALSE | I34: =IF(ISBLANK(H34),FALSE,H34) -> FALSE | J34: =IF(I34="YES",TRUE,IF(I34="No",FALSE,I34)) -> FALSE | K34: TRUE | L34: =IF(ISBLANK(K34),FALSE,K34) -> TRUE | M34: =IF(L34="Yes",TRUE,IF(L34="No",FALSE,L34)) -> TRUE | N34: TRUE | O34: =IF(ISBLANK(N34),"FALSE",N34) -> TRUE | P34: =IF(O34="yes",TRUE,IF(O34="No",FALSE,O34)) -> TRUE | Q34: FALSE | R34: =IF(ISBLANK(Q34),FALSE,Q34) -> FALSE | S34: =IF(R34="Yes",TRUE,IF(R34="No",FALSE,R34)) -> FALSE | T34: 126/73 | U34: 193 | V34: FALSE | W34: =IF(ISBLANK(V34),FALSE,V34) -> FALSE | X34: =IF(W34="Yes",TRUE,IF(W34="No",FALSE,FALSE)) -> FALSE | Y34: FALSE | Z34: =IF(ISBLANK(Y34),FALSE,Y34) -> FALSE | AA34: =IF(Z34="YES",TRUE,IF(Z34="No",FALSE,Z34)) -> FALSE | AB34: FALSE | AC34: =IF(ISBLANK(AB34),"FALSE",AB34) -> FALSE | AD34: =IF(AC34="Yes",TRUE,IF(AC34="No",FALSE,AC34)) -> FALSE | AE34: stroke | AF34: =PROPER(AE34) -> Stroke | AG34: Yes | AH34: =IF(ISBLANK(AG34),"No",AG34) -> Yes | AI34: Ongoing Treatment | AJ34: Neutral
A35: PID0034 | B35: A- | C35: 173 | D35: =C35/100 -> 1.73 | E35: =ROUND(G35,1) -> 95.2 | F35: =E35/D35^2 -> 31.808614 | G35: 95.2 | H35: FALSE | I35: =IF(ISBLANK(H35),FALSE,H35) -> FALSE | J35: =IF(I35="YES",TRUE,IF(I35="No",FALSE,I35)) -> FALSE | K35: FALSE | L35: =IF(ISBLANK(K35),FALSE,K35) -> FALSE | M35: =IF(L35="Yes",TRUE,IF(L35="No",FALSE,L35)) -> FALSE | N35: FALSE | O35: =IF(ISBLANK(N35),"FALSE",N35) -> FALSE | P35: =IF(O35="yes",TRUE,IF(O35="No",FALSE,O35)) -> FALSE | Q35: TRUE | R35: =IF(ISBLANK(Q35),FALSE,Q35) -> TRUE | S35: =IF(R35="Yes",TRUE,IF(R35="No",FALSE,R35)) -> TRUE | T35: 122/77 | U35: 156 | V35: TRUE | W35: =IF(ISBLANK(V35),FALSE,V35) -> TRUE | X35: =IF(W35="Yes",TRUE,IF(W35="No",FALSE,FALSE)) -> FALSE | Y35: FALSE | Z35: =IF(ISBLANK(Y35),FALSE,Y35) -> FALSE | AA35: =IF(Z35="YES",TRUE,IF(Z35="No",FALSE,Z35)) -> FALSE | AB35: TRUE | AC35: =IF(ISBLANK(AB35),"FALSE",AB35) -> TRUE | AD35: =IF(AC35="Yes",TRUE,IF(AC35="No",FALSE,AC35)) -> TRUE | AE35: allergic reaction | AF35: =PROPER(AE35) -> Allergic Reaction | AG35: No | AH35: =IF(ISBLANK(AG35),"No",AG35) -> No | AI35: Recovered | AJ35: Neutral
A36: PID0035 | B36: O- | C36: 165 | D36: =C36/100 -> 1.65 | E36: =ROUND(G36,1) -> 78.1 | F36: =E36/D36^2 -> 28.686869 | G36: 78.1 | H36: FALSE | I36: =IF(ISBLANK(H36),FALSE,H36) -> FALSE | J36: =IF(I36="YES",TRUE,IF(I36="No",FALSE,I36)) -> FALSE | K36: FALSE | L36: =IF(ISBLANK(K36),FALSE,K36) -> FALSE | M36: =IF(L36="Yes",TRUE,IF(L36="No",FALSE,L36)) -> FALSE | N36: FALSE | O36: =IF(ISBLANK(N36),"FALSE",N36) -> FALSE | P36: =IF(O36="yes",TRUE,IF(O36="No",FALSE,O36)) -> FALSE | Q36: FALSE | R36: =IF(ISBLANK(Q36),FALSE,Q36) -> FALSE | S36: =IF(R36="Yes",TRUE,IF(R36="No",FALSE,R36)) -> FALSE | T36: 121/70 | U36: 191 | V36: FALSE | W36: =IF(ISBLANK(V36),FALSE,V36) -> FALSE | X36: =IF(W36="Yes",TRUE,IF(W36="No",FALSE,FALSE)) -> FALSE | Y36: TRUE | Z36: =IF(ISBLANK(Y36),FALSE,Y36) -> TRUE | AA36: =IF(Z36="YES",TRUE,IF(Z36="No",FALSE,Z36)) -> TRUE | AB36: TRUE | AC36: =IF(ISBLANK(AB36),"FALSE",AB36) -> TRUE | AD36: =IF(AC36="Yes",TRUE,IF(AC36="No",FALSE,AC36)) -> TRUE | AE36: Cancer | AF36: =PROPER(AE36) -> Cancer | AG36: Yes | AH36: =IF(ISBLANK(AG36),"No",AG36) -> Yes | AI36: Critical | AJ36: Neutral
A37: PID0036 | B37: B+ | C37: 161 | D37: =C37/100 -> 1.61 | E37: =ROUND(G37,1) -> 78.2 | F37: =E37/D37^2 -> 30.168589 | G37: 78.2 | H37: FALSE | I37: =IF(ISBLANK(H37),FALSE,H37) -> FALSE | J37: =IF(I37="YES",TRUE,IF(I37="No",FALSE,I37)) -> FALSE | K37: FALSE | L37: =IF(ISBLANK(K37),FALSE,K37) -> FALSE | M37: =IF(L37="Yes",TRUE,IF(L37="No",FALSE,L37)) -> FALSE | N37: FALSE | O37: =IF(ISBLANK(N37),"FALSE",N37) -> FALSE | P37: =IF(O37="yes",TRUE,IF(O37="No",FALSE,O37)) -> FALSE | Q37: FALSE | R37: =IF(ISBLANK(Q37),FALSE,Q37) -> FALSE | S37: =IF(R37="Yes",TRUE,IF(R37="No",FALSE,R37)) -> FALSE | T37: 126/79 | U37: 191 | W37: =IF(ISBLANK(V37),FALSE,V37) -> FALSE | X37: =IF(W37="Yes",TRUE,IF(W37="No",FALSE,FALSE)) -> FALSE | Y37: TRUE | Z37: =IF(ISBLANK(Y37),FALSE,Y37) -> TRUE | AA37: =IF(Z37="YES",TRUE,IF(Z37="No",FALSE,Z37)) -> TRUE | AB37: TRUE | AC37: =IF(ISBLANK(AB37),"FALSE",AB37) -> TRUE | AD37: =IF(AC37="Yes",TRUE,IF(AC37="No",FALSE,AC37)) -> TRUE | AE37: cancer | AF37: =PROPER(AE37) -> Cancer | AG37: No | AH37: =IF(ISBLANK(AG37),"No",AG37) -> No | AI37: Recovered | AJ37: Dissatisfied
A38: PID0037 | B38: O+ | C38: 156 | D38: =C38/100 -> 1.56 | E38: =ROUND(G38,1) -> 60.6 | F38: =E38/D38^2 -> 24.901381 | G38: 60.6 | H38: FALSE | I38: =IF(ISBLANK(H38),FALSE,H38) -> FALSE | J38: =IF(I38="YES",TRUE,IF(I38="No",FALSE,I38)) -> FALSE | K38: TRUE | L38: =IF(ISBLANK(K38),FALSE,K38) -> TRUE | M38: =IF(L38="Yes",TRUE,IF(L38="No",FALSE,L38)) -> TRUE | N38: TRUE | O38: =IF(ISBLANK(N38),"FALSE",N38) -> TRUE | P38: =IF(O38="yes",TRUE,IF(O38="No",FALSE,O38)) -> TRUE | Q38: FALSE | R38: =IF(ISBLANK(Q38),FALSE,Q38) -> FALSE | S38: =IF(R38="Yes",TRUE,IF(R38="No",FALSE,R38)) -> FALSE | T38: 115/82 | U38: 161 | V38: FALSE | W38: =IF(ISBLANK(V38),FALSE,V38) -> FALSE | X38: =IF(W38="Yes",TRUE,IF(W38="No",FALSE,FALSE)) -> FALSE | Y38: FALSE | Z38: =IF(ISBLANK(Y38),FALSE,Y38) -> FALSE | AA38: =IF(Z38="YES",TRUE,IF(Z38="No",FALSE,Z38)) -> FALSE | AB38: FALSE | AC38: =IF(ISBLANK(AB38),"FALSE",AB38) -> FALSE | AD38: =IF(AC38="Yes",TRUE,IF(AC38="No",FALSE,AC38)) -> FALSE | AE38: appendicitis | AF38: =PROPER(AE38) -> Appendicitis | AG38: No | AH38: =IF(ISBLANK(AG38),"No",AG38) -> No | AI38: Recovered | AJ38: Satisfied
A39: PID0038 | B39: O+ | C39: 169 | D39: =C39/100 -> 1.69 | E39: =ROUND(G39,1) -> 99.2 | F39: =E39/D39^2 -> 34.732677 | G39: 99.2 | H39: TRUE | I39: =IF(ISBLANK(H39),FALSE,H39) -> TRUE | J39: =IF(I39="YES",TRUE,IF(I39="No",FALSE,I39)) -> TRUE | K39: FALSE | L39: =IF(ISBLANK(K39),FALSE,K39) -> FALSE | M39: =IF(L39="Yes",TRUE,IF(L39="No",FALSE,L39)) -> FALSE | N39: FALSE | O39: =IF(ISBLANK(N39),"FALSE",N39) -> FALSE | P39: =IF(O39="yes",TRUE,IF(O39="No",FALSE,O39)) -> FALSE | Q39: TRUE | R39: =IF(ISBLANK(Q39),FALSE,Q39) -> TRUE | S39: =IF(R39="Yes",TRUE,IF(R39="No",FALSE,R39)) -> TRUE | T39: 121/79 | U39: 160 | V39: TRUE | W39: =IF(ISBLANK(V39),FALSE,V39) -> TRUE | X39: =IF(W39="Yes",TRUE,IF(W39="No",FALSE,FALSE)) -> FALSE | Y39: TRUE | Z39: =IF(ISBLANK(Y39),FALSE,Y39) -> TRUE | AA39: =IF(Z39="YES",TRUE,IF(Z39="No",FALSE,Z39)) -> TRUE | AB39: TRUE | AC39: =IF(ISBLANK(AB39),"FALSE",AB39) -> TRUE | AD39: =IF(AC39="Yes",TRUE,IF(AC39="No",FALSE,AC39)) -> TRUE | AE39: Allergic Reaction | AF39: =PROPER(AE39) -> Allergic Reaction | AG39: Yes | AH39: =IF(ISBLANK(AG39),"No",AG39) -> Yes | AI39: Critical | AJ39: Very Satisfied
A40: PID0039 | B40: O+ | C40: 159 | D40: =C40/100 -> 1.59 | E40: =ROUND(G40,1) -> 58.9 | F40: =E40/D40^2 -> 23.298129 | G40: 58.9 | H40: FALSE | I40: =IF(ISBLANK(H40),FALSE,H40) -> FALSE | J40: =IF(I40="YES",TRUE,IF(I40="No",FALSE,I40)) -> FALSE | K40: TRUE | L40: =IF(ISBLANK(K40),FALSE,K40) -> TRUE | M40: =IF(L40="Yes",TRUE,IF(L40="No",FALSE,L40)) -> TRUE | N40: FALSE | O40: =IF(ISBLANK(N40),"FALSE",N40) -> FALSE | P40: =IF(O40="yes",TRUE,IF(O40="No",FALSE,O40)) -> FALSE | Q40: FALSE | R40: =IF(ISBLANK(Q40),FALSE,Q40) -> FALSE | S40: =IF(R40="Yes",TRUE,IF(R40="No",FALSE,R40)) -> FALSE | T40: 125/74 | U40: 212 | V40: FALSE | W40: =IF(ISBLANK(V40),FALSE,V40) -> FALSE | X40: =IF(W40="Yes",TRUE,IF(W40="No",FALSE,FALSE)) -> FALSE | Y40: FALSE | Z40: =IF(ISBLANK(Y40),FALSE,Y40) -> FALSE | AA40: =IF(Z40="YES",TRUE,IF(Z40="No",FALSE,Z40)) -> FALSE | AB40: FALSE | AC40: =IF(ISBLANK(AB40),"FALSE",AB40) -> FALSE | AD40: =IF(AC40="Yes",TRUE,IF(AC40="No",FALSE,AC40)) -> FALSE | AE40: Cancer | AF40: =PROPER(AE40) -> Cancer | AG40: Yes | AH40: =IF(ISBLANK(AG40),"No",AG40) -> Yes | AI40: Critical | AJ40: Satisfied
A41: PID0040 | B41: O+ | C41: 161 | D41: =C41/100 -> 1.61 | E41: =ROUND(G41,1) -> 79.1 | F41: =E41/D41^2 -> 30.515798 | G41: 79.1 | H41: TRUE | I41: =IF(ISBLANK(H41),FALSE,H41) -> TRUE | J41: =IF(I41="YES",TRUE,IF(I41="No",FALSE,I41)) -> TRUE | K41: FALSE | L41: =IF(ISBLANK(K41),FALSE,K41) -> FALSE | M41: =IF(L41="Yes",TRUE,IF(L41="No",FALSE,L41)) -> FALSE | N41: FALSE | O41: =IF(ISBLANK(N41),"FALSE",N41) -> FALSE | P41: =IF(O41="yes",TRUE,IF(O41="No",FALSE,O41)) -> FALSE | Q41: TRUE | R41: =IF(ISBLANK(Q41),FALSE,Q41) -> TRUE | S41: =IF(R41="Yes",TRUE,IF(R41="No",FALSE,R41)) -> TRUE | T41: 112/70 | U41: 180 | V41: TRUE | W41: =IF(ISBLANK(V41),FALSE,V41) -> TRUE | X41: =IF(W41="Yes",TRUE,IF(W41="No",FALSE,FALSE)) -> FALSE | Y41: FALSE | Z41: =IF(ISBLANK(Y41),FALSE,Y41) -> FALSE | AA41: =IF(Z41="YES",TRUE,IF(Z41="No",FALSE,Z41)) -> FALSE | AB41: TRUE | AC41: =IF(ISBLANK(AB41),"FALSE",AB41) -> TRUE | AD41: =IF(AC41="Yes",TRUE,IF(AC41="No",FALSE,AC41)) -> TRUE | AE41: Prostate Cancer | AF41: =PROPER(AE41) -> Prostate Cancer | AG41: Yes | AH41: =IF(ISBLANK(AG41),"No",AG41) -> Yes | AI41: Recovered | AJ41: Neutral
A42: PID0041 | B42: A+ | C42: 165 | D42: =C42/100 -> 1.65 | E42: =ROUND(G42,1) -> 77.4 | F42: =E42/D42^2 -> 28.429752 | G42: 77.4 | H42: FALSE | I42: =IF(ISBLANK(H42),FALSE,H42) -> FALSE | J42: =IF(I42="YES",TRUE,IF(I42="No",FALSE,I42)) -> FALSE | K42: TRUE | L42: =IF(ISBLANK(K42),FALSE,K42) -> TRUE | M42: =IF(L42="Yes",TRUE,IF(L42="No",FALSE,L42)) -> TRUE | N42: FALSE | O42: =IF(ISBLANK(N42),"FALSE",N42) -> FALSE | P42: =IF(O42="yes",TRUE,IF(O42="No",FALSE,O42)) -> FALSE | Q42: TRUE | R42: =IF(ISBLANK(Q42),FALSE,Q42) -> TRUE | S42: =IF(R42="Yes",TRUE,IF(R42="No",FALSE,R42)) -> TRUE | T42: 111/88 | U42: 185 | V42: TRUE | W42: =IF(ISBLANK(V42),FALSE,V42) -> TRUE | X42: =IF(W42="Yes",TRUE,IF(W42="No",FALSE,FALSE)) -> FALSE | Y42: FALSE | Z42: =IF(ISBLANK(Y42),FALSE,Y42) -> FALSE | AA42: =IF(Z42="YES",TRUE,IF(Z42="No",FALSE,Z42)) -> FALSE | AB42: TRUE | AC42: =IF(ISBLANK(AB42),"FALSE",AB42) -> TRUE | AD42: =IF(AC42="Yes",TRUE,IF(AC42="No",FALSE,AC42)) -> TRUE | AE42: osteoarthritis | AF42: =PROPER(AE42) -> Osteoarthritis | AG42: No | AH42: =IF(ISBLANK(AG42),"No",AG42) -> No | AI42: Recovered | AJ42: Dissatisfied
A43: PID0042 | B43: AB+ | C43: 156 | D43: =C43/100 -> 1.56 | E43: =ROUND(G43,1) -> 80.1 | F43: =E43/D43^2 -> 32.914201 | G43: 80.1 | H43: FALSE | I43: =IF(ISBLANK(H43),FALSE,H43) -> FALSE | J43: =IF(I43="YES",TRUE,IF(I43="No",FALSE,I43)) -> FALSE | K43: TRUE | L43: =IF(ISBLANK(K43),FALSE,K43) -> TRUE | M43: =IF(L43="Yes",TRUE,IF(L43="No",FALSE,L43)) -> TRUE | N43: FALSE | O43: =IF(ISBLANK(N43),"FALSE",N43) -> FALSE | P43: =IF(O43="yes",TRUE,IF(O43="No",FALSE,O43)) -> FALSE | Q43: FALSE | R43: =IF(ISBLANK(Q43),FALSE,Q43) -> FALSE | S43: =IF(R43="Yes",TRUE,IF(R43="No",FALSE,R43)) -> FALSE | T43: 121/85 | U43: 189 | W43: =IF(ISBLANK(V43),FALSE,V43) -> FALSE | X43: =IF(W43="Yes",TRUE,IF(W43="No",FALSE,FALSE)) -> FALSE | Y43: TRUE | Z43: =IF(ISBLANK(Y43),FALSE,Y43) -> TRUE | AA43: =IF(Z43="YES",TRUE,IF(Z43="No",FALSE,Z43)) -> TRUE | AB43: TRUE | AC43: =IF(ISBLANK(AB43),"FALSE",AB43) -> TRUE | AD43: =IF(AC43="Yes",TRUE,IF(AC43="No",FALSE,AC43)) -> TRUE | AE43: Prostate Cancer | AF43: =PROPER(AE43) -> Prostate Cancer | AG43: Yes | AH43: =IF(ISBLANK(AG43),"No",AG43) -> Yes | AI43: Recovered | AJ43: Satisfied
A44: PID0043 | B44: O+ | C44: 160 | D44: =C44/100 -> 1.6 | E44: =ROUND(G44,1) -> 81.2 | F44: =E44/D44^2 -> 31.71875 | G44: 81.2 | H44: FALSE | I44: =IF(ISBLANK(H44),FALSE,H44) -> FALSE | J44: =IF(I44="YES",TRUE,IF(I44="No",FALSE,I44)) -> FALSE | K44: FALSE | L44: =IF(ISBLANK(K44),FALSE,K44) -> FALSE | M44: =IF(L44="Yes",TRUE,IF(L44="No",FALSE,L44)) -> FALSE | N44: FALSE | O44: =IF(ISBLANK(N44),"FALSE",N44) -> FALSE | P44: =IF(O44="yes",TRUE,IF(O44="No",FALSE,O44)) -> FALSE | Q44: FALSE | R44: =IF(ISBLANK(Q44),FALSE,Q44) -> FALSE | S44: =IF(R44="Yes",TRUE,IF(R44="No",FALSE,R44)) -> FALSE | T44: 127/81 | U44: 217 | V44: FALSE | W44: =IF(ISBLANK(V44),FALSE,V44) -> FALSE | X44: =IF(W44="Yes",TRUE,IF(W44="No",FALSE,FALSE)) -> FALSE | Y44: TRUE | Z44: =IF(ISBLANK(Y44),FALSE,Y44) -> TRUE | AA44: =IF(Z44="YES",TRUE,IF(Z44="No",FALSE,Z44)) -> TRUE | AB44: TRUE | AC44: =IF(ISBLANK(AB44),"FALSE",AB44) -> TRUE | AD44: =IF(AC44="Yes",TRUE,IF(AC44="No",FALSE,AC44)) -> TRUE | AE44: fractured leg | AF44: =PROPER(AE44) -> Fractured Leg | AG44: Yes | AH44: =IF(ISBLANK(AG44),"No",AG44) -> Yes | AI44: Recovered | AJ44: Satisfied
A45: PID0044 | B45: O- | C45: 171 | D45: =C45/100 -> 1.71 | E45: =ROUND(G45,1) -> 85.2 | F45: =E45/D45^2 -> 29.13717 | G45: 85.2 | H45: TRUE | I45: =IF(ISBLANK(H45),FALSE,H45) -> TRUE | J45: =IF(I45="YES",TRUE,IF(I45="No",FALSE,I45)) -> TRUE | K45: FALSE | L45: =IF(ISBLANK(K45),FALSE,K45) -> FALSE | M45: =IF(L45="Yes",TRUE,IF(L45="No",FALSE,L45)) -> FALSE | N45: FALSE | O45: =IF(ISBLANK(N45),"FALSE",N45) -> FALSE | P45: =IF(O45="yes",TRUE,IF(O45="No",FALSE,O45)) -> FALSE | Q45: TRUE | R45: =IF(ISBLANK(Q45),FALSE,Q45) -> TRUE | S45: =IF(R45="Yes",TRUE,IF(R45="No",FALSE,R45)) -> TRUE | T45: 125/70 | U45: 173 | V45: TRUE | W45: =IF(ISBLANK(V45),FALSE,V45) -> TRUE | X45: =IF(W45="Yes",TRUE,IF(W45="No",FALSE,FALSE)) -> FALSE | Y45: FALSE | Z45: =IF(ISBLANK(Y45),FALSE,Y45) -> FALSE | AA45: =IF(Z45="YES",TRUE,IF(Z45="No",FALSE,Z45)) -> FALSE | AB45: TRUE | AC45: =IF(ISBLANK(AB45),"FALSE",AB45) -> TRUE | AD45: =IF(AC45="Yes",TRUE,IF(AC45="No",FALSE,AC45)) -> TRUE | AE45: Appendicitis | AF45: =PROPER(AE45) -> Appendicitis | AG45: Yes | AH45: =IF(ISBLANK(AG45),"No",AG45) -> Yes | AI45: Recovered | AJ45: Very Satisfied
A46: PID0045 | B46: B+ | C46: 154 | D46: =C46/100 -> 1.54 | E46: =ROUND(G46,1) -> 74.9 | F46: =E46/D46^2 -> 31.582054 | G46: 74.9 | H46: FALSE | I46: =IF(ISBLANK(H46),FALSE,H46) -> FALSE | J46: =IF(I46="YES",TRUE,IF(I46="No",FALSE,I46)) -> FALSE | K46: TRUE | L46: =IF(ISBLANK(K46),FALSE,K46) -> TRUE | M46: =IF(L46="Yes",TRUE,IF(L46="No",FALSE,L46)) -> TRUE | N46: FALSE | O46: =IF(ISBLANK(N46),"FALSE",N46) -> FALSE | P46: =IF(O46="yes",TRUE,IF(O46="No",FALSE,O46)) -> FALSE | Q46: TRUE | R46: =IF(ISBLANK(Q46),FALSE,Q46) -> TRUE | S46: =IF(R46="Yes",TRUE,IF(R46="No",FALSE,R46)) -> TRUE | T46: 121/80 | U46: 160 | V46: TRUE | W46: =IF(ISBLANK(V46),FALSE,V46) -> TRUE | X46: =IF(W46="Yes",TRUE,IF(W46="No",FALSE,FALSE)) -> FALSE | Y46: TRUE | Z46: =IF(ISBLANK(Y46),FALSE,Y46) -> TRUE | AA46: =IF(Z46="YES",TRUE,IF(Z46="No",FALSE,Z46)) -> TRUE | AB46: TRUE | AC46: =IF(ISBLANK(AB46),"FALSE",AB46) -> TRUE | AD46: =IF(AC46="Yes",TRUE,IF(AC46="No",FALSE,AC46)) -> TRUE | AE46: Heart Attack | AF46: =PROPER(AE46) -> Heart Attack | AG46: Yes | AH46: =IF(ISBLANK(AG46),"No",AG46) -> Yes | AI46: Critical | AJ46: Neutral
A47: PID0046 | B47: O- | C47: 171 | D47: =C47/100 -> 1.71 | E47: =ROUND(G47,1) -> 90.2 | F47: =E47/D47^2 -> 30.847098 | G47: 90.2 | H47: FALSE | I47: =IF(ISBLANK(H47),FALSE,H47) -> FALSE | J47: =IF(I47="YES",TRUE,IF(I47="No",FALSE,I47)) -> FALSE | K47: TRUE | L47: =IF(ISBLANK(K47),FALSE,K47) -> TRUE | M47: =IF(L47="Yes",TRUE,IF(L47="No",FALSE,L47)) -> TRUE | N47: TRUE | O47: =IF(ISBLANK(N47),"FALSE",N47) -> TRUE | P47: =IF(O47="yes",TRUE,IF(O47="No",FALSE,O47)) -> TRUE | Q47: FALSE | R47: =IF(ISBLANK(Q47),FALSE,Q47) -> FALSE | S47: =IF(R47="Yes",TRUE,IF(R47="No",FALSE,R47)) -> FALSE | T47: 110/77 | U47: 186 | V47: TRUE | W47: =IF(ISBLANK(V47),FALSE,V47) -> TRUE | X47: =IF(W47="Yes",TRUE,IF(W47="No",FALSE,FALSE)) -> FALSE | Y47: FALSE | Z47: =IF(ISBLANK(Y47),FALSE,Y47) -> FALSE | AA47: =IF(Z47="YES",TRUE,IF(Z47="No",FALSE,Z47)) -> FALSE | AB47: TRUE | AC47: =IF(ISBLANK(AB47),"FALSE",AB47) -> TRUE | AD47: =IF(AC47="Yes",TRUE,IF(AC47="No",FALSE,AC47)) -> TRUE | AE47: Heart Attack | AF47: =PROPER(AE47) -> Heart Attack | AG47: No | AH47: =IF(ISBLANK(AG47),"No",AG47) -> No | AI47: Ongoing Treatment | AJ47: Satisfied
A48: PID0047 | B48: AB- | C48: 178 | D48: =C48/100 -> 1.78 | E48: =ROUND(G48,1) -> 76.5 | F48: =E48/D48^2 -> 24.144679 | G48: 76.5 | H48: FALSE | I48: =IF(ISBLANK(H48),FALSE,H48) -> FALSE | J48: =IF(I48="YES",TRUE,IF(I48="No",FALSE,I48)) -> FALSE | K48: FALSE | L48: =IF(ISBLANK(K48),FALSE,K48) -> FALSE | M48: =IF(L48="Yes",TRUE,IF(L48="No",FALSE,L48)) -> FALSE | N48: FALSE | O48: =IF(ISBLANK(N48),"FALSE",N48) -> FALSE | P48: =IF(O48="yes",TRUE,IF(O48="No",FALSE,O48)) -> FALSE | Q48: FALSE | R48: =IF(ISBLANK(Q48),FALSE,Q48) -> FALSE | S48: =IF(R48="Yes",TRUE,IF(R48="No",FALSE,R48)) -> FALSE | T48: 120/86 | U48: 196 | V48: FALSE | W48: =IF(ISBLANK(V48),FALSE,V48) -> FALSE | X48: =IF(W48="Yes",TRUE,IF(W48="No",FALSE,FALSE)) -> FALSE | Z48: =IF(ISBLANK(Y48),FALSE,Y48) -> FALSE | AA48: =IF(Z48="YES",TRUE,IF(Z48="No",FALSE,Z48)) -> FALSE | AB48: FALSE | AC48: =IF(ISBLANK(AB48),"FALSE",AB48) -> FALSE | AD48: =IF(AC48="Yes",TRUE,IF(AC48="No",FALSE,AC48)) -> FALSE | AE48: Cancer | AF48: =PROPER(AE48) -> Cancer | AG48: Yes | AH48: =IF(ISBLANK(AG48),"No",AG48) -> Yes | AI48: Recovered | AJ48: Neutral
A49: PID0048 | B49: B- | C49: 176 | D49: =C49/100 -> 1.76 | E49: =ROUND(G49,1) -> 88.1 | F49: =E49/D49^2 -> 28.441374 | G49: 88.1 | H49: FALSE | I49: =IF(ISBLANK(H49),FALSE,H49) -> FALSE | J49: =IF(I49="YES",TRUE,IF(I49="No",FALSE,I49)) -> FALSE | K49: FALSE | L49: =IF(ISBLANK(K49),FALSE,K49) -> FALSE | M49: =IF(L49="Yes",TRUE,IF(L49="No",FALSE,L49)) -> FALSE | N49: FALSE | O49: =IF(ISBLANK(N49),"FALSE",N49) -> FALSE | P49: =IF(O49="yes",TRUE,IF(O49="No",FALSE,O49)) -> FALSE | Q49: FALSE | R49: =IF(ISBLANK(Q49),FALSE,Q49) -> FALSE | S49: =IF(R49="Yes",TRUE,IF(R49="No",FALSE,R49)) -> FALSE | T49: 116/82 | U49: 187 | V49: FALSE | W49: =IF(ISBLANK(V49),FALSE,V49) -> FALSE | X49: =IF(W49="Yes",TRUE,IF(W49="No",FALSE,FALSE)) -> FALSE | Y49: TRUE | Z49: =IF(ISBLANK(Y49),FALSE,Y49) -> TRUE | AA49: =IF(Z49="YES",TRUE,IF(Z49="No",FALSE,Z49)) -> TRUE | AB49: TRUE | AC49: =IF(ISBLANK(AB49),"FALSE",AB49) -> TRUE | AD49: =IF(AC49="Yes",TRUE,IF(AC49="No",FALSE,AC49)) -> TRUE | AE49: stroke | AF49: =PROPER(AE49) -> Stroke | AG49: Yes | AH49: =IF(ISBLANK(AG49),"No",AG49) -> Yes | AI49: Critical | AJ49: Dissatisfied
A50: PID0049 | B50: A- | C50: 153 | D50: =C50/100 -> 1.53 | E50: =ROUND(G50,1) -> 48.2 | F50: =E50/D50^2 -> 20.590371 | G50: 48.2 | H50: TRUE | I50: =IF(ISBLANK(H50),FALSE,H50) -> TRUE | J50: =IF(I50="YES",TRUE,IF(I50="No",FALSE,I50)) -> TRUE | K50: TRUE | L50: =IF(ISBLANK(K50),FALSE,K50) -> TRUE | M50: =IF(L50="Yes",TRUE,IF(L50="No",FALSE,L50)) -> TRUE | N50: FALSE | O50: =IF(ISBLANK(N50),"FALSE",N50) -> FALSE | P50: =IF(O50="yes",TRUE,IF(O50="No",FALSE,O50)) -> FALSE | Q50: FALSE | R50: =IF(ISBLANK(Q50),FALSE,Q50) -> FALSE | S50: =IF(R50="Yes",TRUE,IF(R50="No",FALSE,R50)) -> FALSE | T50: 115/70 | U50: 151 | V50: FALSE | W50: =IF(ISBLANK(V50),FALSE,V50) -> FALSE | X50: =IF(W50="Yes",TRUE,IF(W50="No",FALSE,FALSE)) -> FALSE | Y50: FALSE | Z50: =IF(ISBLANK(Y50),FALSE,Y50) -> FALSE | AA50: =IF(Z50="YES",TRUE,IF(Z50="No",FALSE,Z50)) -> FALSE | AB50: FALSE | AC50: =IF(ISBLANK(AB50),"FALSE",AB50) -> FALSE | AD50: =IF(AC50="Yes",TRUE,IF(AC50="No",FALSE,AC50)) -> FALSE | AE50: Prostate Cancer | AF50: =PROPER(AE50) -> Prostate Cancer | AG50: Yes | AH50: =IF(ISBLANK(AG50),"No",AG50) -> Yes | AI50: Critical | AJ50: Dissatisfied
A51: PID0050 | B51: B- | C51: 165 | D51: =C51/100 -> 1.65 | E51: =ROUND(G51,1) -> 91.1 | F51: =E51/D51^2 -> 33.461892 | G51: 91.1 | H51: FALSE | I51: =IF(ISBLANK(H51),FALSE,H51) -> FALSE | J51: =IF(I51="YES",TRUE,IF(I51="No",FALSE,I51)) -> FALSE | K51: FALSE | L51: =IF(ISBLANK(K51),FALSE,K51) -> FALSE | M51: =IF(L51="Yes",TRUE,IF(L51="No",FALSE,L51)) -> FALSE | N51: FALSE | O51: =IF(ISBLANK(N51),"FALSE",N51) -> FALSE | P51: =IF(O51="yes",TRUE,IF(O51="No",FALSE,O51)) -> FALSE | Q51: TRUE | R51: =IF(ISBLANK(Q51),FALSE,Q51) -> TRUE | S51: =IF(R51="Yes",TRUE,IF(R51="No",FALSE,R51)) -> TRUE | T51: 118/76 | U51: 220 | V51: TRUE | W51: =IF(ISBLANK(V51),FALSE,V51) -> TRUE | X51: =IF(W51="Yes",TRUE,IF(W51="No",FALSE,FALSE)) -> FALSE | Y51: FALSE | Z51: =IF(ISBLANK(Y51),FALSE,Y51) -> FALSE | AA51: =IF(Z51="YES",TRUE,IF(Z51="No",FALSE,Z51)) -> FALSE | AB51: TRUE | AC51: =IF(ISBLANK(AB51),"FALSE",AB51) -> TRUE | AD51: =IF(AC51="Yes",TRUE,IF(AC51="No",FALSE,AC51)) -> TRUE | AE51: respiratory infection | AF51: =PROPER(AE51) -> Respiratory Infection | AG51: No | AH51: =IF(ISBLANK(AG51),"No",AG51) -> No | AI51: Critical | AJ51: Very Satisfied
A52: PID0051 | B52: O+ | C52: 158 | D52: =C52/100 -> 1.58 | E52: =ROUND(G52,1) -> 64.9 | F52: =E52/D52^2 -> 25.997436 | G52: 64.9 | H52: FALSE | I52: =IF(ISBLANK(H52),FALSE,H52) -> FALSE | J52: =IF(I52="YES",TRUE,IF(I52="No",FALSE,I52)) -> FALSE | K52: TRUE | L52: =IF(ISBLANK(K52),FALSE,K52) -> TRUE | M52: =IF(L52="Yes",TRUE,IF(L52="No",FALSE,L52)) -> TRUE | N52: FALSE | O52: =IF(ISBLANK(N52),"FALSE",N52) -> FALSE | P52: =IF(O52="yes",TRUE,IF(O52="No",FALSE,O52)) -> FALSE | Q52: FALSE | R52: =IF(ISBLANK(Q52),FALSE,Q52) -> FALSE | S52: =IF(R52="Yes",TRUE,IF(R52="No",FALSE,R52)) -> FALSE | T52: 122/75 | U52: 160 | V52: FALSE | W52: =IF(ISBLANK(V52),FALSE,V52) -> FALSE | X52: =IF(W52="Yes",TRUE,IF(W52="No",FALSE,FALSE)) -> FALSE | Y52: FALSE | Z52: =IF(ISBLANK(Y52),FALSE,Y52) -> FALSE | AA52: =IF(Z52="YES",TRUE,IF(Z52="No",FALSE,Z52)) -> FALSE | AB52: FALSE | AC52: =IF(ISBLANK(AB52),"FALSE",AB52) -> FALSE | AD52: =IF(AC52="Yes",TRUE,IF(AC52="No",FALSE,AC52)) -> FALSE | AE52: Prostate Cancer | AF52: =PROPER(AE52) -> Prostate Cancer | AG52: Yes | AH52: =IF(ISBLANK(AG52),"No",AG52) -> Yes | AI52: Ongoing Treatment | AJ52: Very Satisfied
A53: PID0052 | B53: O- | C53: 167 | D53: =C53/100 -> 1.67 | E53: =ROUND(G53,1) -> 87.1 | F53: =E53/D53^2 -> 31.230951 | G53: 87.1 | H53: FALSE | I53: =IF(ISBLANK(H53),FALSE,H53) -> FALSE | J53: =IF(I53="YES",TRUE,IF(I53="No",FALSE,I53)) -> FALSE | K53: FALSE | L53: =IF(ISBLANK(K53),FALSE,K53) -> FALSE | M53: =IF(L53="Yes",TRUE,IF(L53="No",FALSE,L53)) -> FALSE | N53: FALSE | O53: =IF(ISBLANK(N53),"FALSE",N53) -> FALSE | P53: =IF(O53="yes",TRUE,IF(O53="No",FALSE,O53)) -> FALSE | Q53: FALSE | R53: =IF(ISBLANK(Q53),FALSE,Q53) -> FALSE | S53: =IF(R53="Yes",TRUE,IF(R53="No",FALSE,R53)) -> FALSE | T53: 111/73 | U53: 212 | V53: TRUE | W53: =IF(ISBLANK(V53),FALSE,V53) -> TRUE | X53: =IF(W53="Yes",TRUE,IF(W53="No",FALSE,FALSE)) -> FALSE | Y53: TRUE | Z53: =IF(ISBLANK(Y53),FALSE,Y53) -> TRUE | AA53: =IF(Z53="YES",TRUE,IF(Z53="No",FALSE,Z53)) -> TRUE | AB53: TRUE | AC53: =IF(ISBLANK(AB53),"FALSE",AB53) -> TRUE | AD53: =IF(AC53="Yes",TRUE,IF(AC53="No",FALSE,AC53)) -> TRUE | AE53: heart disease | AF53: =PROPER(AE53) -> Heart Disease | AG53: Yes | AH53: =IF(ISBLANK(AG53),"No",AG53) -> Yes | AI53: Critical | AJ53: Satisfied
A54: PID0053 | B54: B+ | C54: 160 | D54: =C54/100 -> 1.6 | E54: =ROUND(G54,1) -> 72.1 | F54: =E54/D54^2 -> 28.164062 | G54: 72.1 | H54: TRUE | I54: =IF(ISBLANK(H54),FALSE,H54) -> TRUE | J54: =IF(I54="YES",TRUE,IF(I54="No",FALSE,I54)) -> TRUE | K54: TRUE | L54: =IF(ISBLANK(K54),FALSE,K54) -> TRUE | M54: =IF(L54="Yes",TRUE,IF(L54="No",FALSE,L54)) -> TRUE | N54: FALSE | O54: =IF(ISBLANK(N54),"FALSE",N54) -> FALSE | P54: =IF(O54="yes",TRUE,IF(O54="No",FALSE,O54)) -> FALSE | Q54: TRUE | R54: =IF(ISBLANK(Q54),FALSE,Q54) -> TRUE | S54: =IF(R54="Yes",TRUE,IF(R54="No",FALSE,R54)) -> TRUE | T54: 114/87 | U54: 194 | V54: TRUE | W54: =IF(ISBLANK(V54),FALSE,V54) -> TRUE | X54: =IF(W54="Yes",TRUE,IF(W54="No",FALSE,FALSE)) -> FALSE | Y54: FALSE | Z54: =IF(ISBLANK(Y54),FALSE,Y54) -> FALSE | AA54: =IF(Z54="YES",TRUE,IF(Z54="No",FALSE,Z54)) -> FALSE | AB54: TRUE | AC54: =IF(ISBLANK(AB54),"FALSE",AB54) -> TRUE | AD54: =IF(AC54="Yes",TRUE,IF(AC54="No",FALSE,AC54)) -> TRUE | AE54: Respiratory Infection | AF54: =PROPER(AE54) -> Respiratory Infection | AH54: =IF(ISBLANK(AG54),"No",AG54) -> No | AI54: Ongoing Treatment | AJ54: Very Dissatisfied
A55: PID0054 | B55: AB- | C55: 167 | D55: =C55/100 -> 1.67 | E55: =ROUND(G55,1) -> 93.1 | F55: =E55/D55^2 -> 33.382337 | G55: 93.1 | H55: FALSE | I55: =IF(ISBLANK(H55),FALSE,H55) -> FALSE | J55: =IF(I55="YES",TRUE,IF(I55="No",FALSE,I55)) -> FALSE | K55: TRUE | L55: =IF(ISBLANK(K55),FALSE,K55) -> TRUE | M55: =IF(L55="Yes",TRUE,IF(L55="No",FALSE,L55)) -> TRUE | N55: FALSE | O55: =IF(ISBLANK(N55),"FALSE",N55) -> FALSE | P55: =IF(O55="yes",TRUE,IF(O55="No",FALSE,O55)) -> FALSE | Q55: FALSE | R55: =IF(ISBLANK(Q55),FALSE,Q55) -> FALSE | S55: =IF(R55="Yes",TRUE,IF(R55="No",FALSE,R55)) -> FALSE | T55: 119/75 | U55: 168 | W55: =IF(ISBLANK(V55),FALSE,V55) -> FALSE | X55: =IF(W55="Yes",TRUE,IF(W55="No",FALSE,FALSE)) -> FALSE | Y55: TRUE | Z55: =IF(ISBLANK(Y55),FALSE,Y55) -> TRUE | AA55: =IF(Z55="YES",TRUE,IF(Z55="No",FALSE,Z55)) -> TRUE | AB55: TRUE | AC55: =IF(ISBLANK(AB55),"FALSE",AB55) -> TRUE | AD55: =IF(AC55="Yes",TRUE,IF(AC55="No",FALSE,AC55)) -> TRUE | AE55: Hypertension | AF55: =PROPER(AE55) -> Hypertension | AG55: Yes | AH55: =IF(ISBLANK(AG55),"No",AG55) -> Yes | AI55: Recovered | AJ55: Very Dissatisfied
A56: PID0055 | B56: AB+ | C56: 179 | D56: =C56/100 -> 1.79 | E56: =ROUND(G56,1) -> 75.4 | F56: =E56/D56^2 -> 23.532349 | G56: 75.4 | H56: FALSE | I56: =IF(ISBLANK(H56),FALSE,H56) -> FALSE | J56: =IF(I56="YES",TRUE,IF(I56="No",FALSE,I56)) -> FALSE | K56: FALSE | L56: =IF(ISBLANK(K56),FALSE,K56) -> FALSE | M56: =IF(L56="Yes",TRUE,IF(L56="No",FALSE,L56)) -> FALSE | N56: FALSE | O56: =IF(ISBLANK(N56),"FALSE",N56) -> FALSE | P56: =IF(O56="yes",TRUE,IF(O56="No",FALSE,O56)) -> FALSE | Q56: FALSE | R56: =IF(ISBLANK(Q56),FALSE,Q56) -> FALSE | S56: =IF(R56="Yes",TRUE,IF(R56="No",FALSE,R56)) -> FALSE | T56: 112/79 | U56: 219 | V56: FALSE | W56: =IF(ISBLANK(V56),FALSE,V56) -> FALSE | X56: =IF(W56="Yes",TRUE,IF(W56="No",FALSE,FALSE)) -> FALSE | Y56: FALSE | Z56: =IF(ISBLANK(Y56),FALSE,Y56) -> FALSE | AA56: =IF(Z56="YES",TRUE,IF(Z56="No",FALSE,Z56)) -> FALSE | AB56: FALSE | AC56: =IF(ISBLANK(AB56),"FALSE",AB56) -> FALSE | AD56: =IF(AC56="Yes",TRUE,IF(AC56="No",FALSE,AC56)) -> FALSE | AE56: Kidney Stones | AF56: =PROPER(AE56) -> Kidney Stones | AG56: Yes | AH56: =IF(ISBLANK(AG56),"No",AG56) -> Yes | AI56: Ongoing Treatment | AJ56: Very Dissatisfied
A57: PID0056 | B57: AB- | C57: 161 | D57: =C57/100 -> 1.61 | E57: =ROUND(G57,1) -> 57.7 | F57: =E57/D57^2 -> 22.259944 | G57: 57.7 | H57: FALSE | I57: =IF(ISBLANK(H57),FALSE,H57) -> FALSE | J57: =IF(I57="YES",TRUE,IF(I57="No",FALSE,I57)) -> FALSE | K57: TRUE | L57: =IF(ISBLANK(K57),FALSE,K57) -> TRUE | M57: =IF(L57="Yes",TRUE,IF(L57="No",FALSE,L57)) -> TRUE | N57: TRUE | O57: =IF(ISBLANK(N57),"FALSE",N57) -> TRUE | P57: =IF(O57="yes",TRUE,IF(O57="No",FALSE,O57)) -> TRUE | Q57: FALSE | R57: =IF(ISBLANK(Q57),FALSE,Q57) -> FALSE | S57: =IF(R57="Yes",TRUE,IF(R57="No",FALSE,R57)) -> FALSE | T57: 121/81 | U57: 218 | V57: FALSE | W57: =IF(ISBLANK(V57),FALSE,V57) -> FALSE | X57: =IF(W57="Yes",TRUE,IF(W57="No",FALSE,FALSE)) -> FALSE | Y57: FALSE | Z57: =IF(ISBLANK(Y57),FALSE,Y57) -> FALSE | AA57: =IF(Z57="YES",TRUE,IF(Z57="No",FALSE,Z57)) -> FALSE | AB57: FALSE | AC57: =IF(ISBLANK(AB57),"FALSE",AB57) -> FALSE | AD57: =IF(AC57="Yes",TRUE,IF(AC57="No",FALSE,AC57)) -> FALSE | AE57: Fractured Leg | AF57: =PROPER(AE57) -> Fractured Leg | AG57: No | AH57: =IF(ISBLANK(AG57),"No",AG57) -> No | AI57: Ongoing Treatment | AJ57: Dissatisfied
A58: PID0057 | B58: O+ | C58: 164 | D58: =C58/100 -> 1.64 | E58: =ROUND(G58,1) -> 62.6 | F58: =E58/D58^2 -> 23.274836 | G58: 62.6 | H58: FALSE | I58: =IF(ISBLANK(H58),FALSE,H58) -> FALSE | J58: =IF(I58="YES",TRUE,IF(I58="No",FALSE,I58)) -> FALSE | K58: TRUE | L58: =IF(ISBLANK(K58),FALSE,K58) -> TRUE | M58: =IF(L58="Yes",TRUE,IF(L58="No",FALSE,L58)) -> TRUE | N58: FALSE | O58: =IF(ISBLANK(N58),"FALSE",N58) -> FALSE | P58: =IF(O58="yes",TRUE,IF(O58="No",FALSE,O58)) -> FALSE | Q58: FALSE | R58: =IF(ISBLANK(Q58),FALSE,Q58) -> FALSE | S58: =IF(R58="Yes",TRUE,IF(R58="No",FALSE,R58)) -> FALSE | T58: 124/72 | U58: 186 | V58: FALSE | W58: =IF(ISBLANK(V58),FALSE,V58) -> FALSE | X58: =IF(W58="Yes",TRUE,IF(W58="No",FALSE,FALSE)) -> FALSE | Y58: FALSE | Z58: =IF(ISBLANK(Y58),FALSE,Y58) -> FALSE | AA58: =IF(Z58="YES",TRUE,IF(Z58="No",FALSE,Z58)) -> FALSE | AC58: =IF(ISBLANK(AB58),"FALSE",AB58) -> FALSE | AD58: =IF(AC58="Yes",TRUE,IF(AC58="No",FALSE,AC58)) -> FALSE | AE58: cancer | AF58: =PROPER(AE58) -> Cancer | AG58: Yes | AH58: =IF(ISBLANK(AG58),"No",AG58) -> Yes | AI58: Ongoing Treatment | AJ58: Neutral
A59: PID0058 | B59: AB- | C59: 163 | D59: =C59/100 -> 1.63 | E59: =ROUND(G59,1) -> 63.5 | F59: =E59/D59^2 -> 23.900034 | G59: 63.5 | H59: TRUE | I59: =IF(ISBLANK(H59),FALSE,H59) -> TRUE | J59: =IF(I59="YES",TRUE,IF(I59="No",FALSE,I59)) -> TRUE | K59: FALSE | L59: =IF(ISBLANK(K59),FALSE,K59) -> FALSE | M59: =IF(L59="Yes",TRUE,IF(L59="No",FALSE,L59)) -> FALSE | N59: FALSE | O59: =IF(ISBLANK(N59),"FALSE",N59) -> FALSE | P59: =IF(O59="yes",TRUE,IF(O59="No",FALSE,O59)) -> FALSE | Q59: FALSE | R59: =IF(ISBLANK(Q59),FALSE,Q59) -> FALSE | S59: =IF(R59="Yes",TRUE,IF(R59="No",FALSE,R59)) -> FALSE | T59: 118/80 | U59: 177 | W59: =IF(ISBLANK(V59),FALSE,V59) -> FALSE | X59: =IF(W59="Yes",TRUE,IF(W59="No",FALSE,FALSE)) -> FALSE | Y59: FALSE | Z59: =IF(ISBLANK(Y59),FALSE,Y59) -> FALSE | AA59: =IF(Z59="YES",TRUE,IF(Z59="No",FALSE,Z59)) -> FALSE | AB59: FALSE | AC59: =IF(ISBLANK(AB59),"FALSE",AB59) -> FALSE | AD59: =IF(AC59="Yes",TRUE,IF(AC59="No",FALSE,AC59)) -> FALSE | AE59: fractured leg | AF59: =PROPER(AE59) -> Fractured Leg | AG59: Yes | AH59: =IF(ISBLANK(AG59),"No",AG59) -> Yes | AI59: Ongoing Treatment | AJ59: Satisfied
A60: PID0059 | B60: B+ | C60: 172 | D60: =C60/100 -> 1.72 | E60: =ROUND(G60,1) -> 71.7 | F60: =E60/D60^2 -> 24.236074 | G60: 71.7 | H60: TRUE | I60: =IF(ISBLANK(H60),FALSE,H60) -> TRUE | J60: =IF(I60="YES",TRUE,IF(I60="No",FALSE,I60)) -> TRUE | K60: FALSE | L60: =IF(ISBLANK(K60),FALSE,K60) -> FALSE | M60: =IF(L60="Yes",TRUE,IF(L60="No",FALSE,L60)) -> FALSE | N60: FALSE | O60: =IF(ISBLANK(N60),"FALSE",N60) -> FALSE | P60: =IF(O60="yes",TRUE,IF(O60="No",FALSE,O60)) -> FALSE | Q60: FALSE | R60: =IF(ISBLANK(Q60),FALSE,Q60) -> FALSE | S60: =IF(R60="Yes",TRUE,IF(R60="No",FALSE,R60)) -> FALSE | T60: 124/80 | U60: 179 | V60: FALSE | W60: =IF(ISBLANK(V60),FALSE,V60) -> FALSE | X60: =IF(W60="Yes",TRUE,IF(W60="No",FALSE,FALSE)) -> FALSE | Y60: FALSE | Z60: =IF(ISBLANK(Y60),FALSE,Y60) -> FALSE | AA60: =IF(Z60="YES",TRUE,IF(Z60="No",FALSE,Z60)) -> FALSE | AB60: FALSE | AC60: =IF(ISBLANK(AB60),"FALSE",AB60) -> FALSE | AD60: =IF(AC60="Yes",TRUE,IF(AC60="No",FALSE,AC60)) -> FALSE | AE60: kidney stones | AF60: =PROPER(AE60) -> Kidney Stones | AG60: Yes | AH60: =IF(ISBLANK(AG60),"No",AG60) -> Yes | AI60: Critical | AJ60: Dissatisfied
A61: PID0060 | B61: B- | C61: 178 | D61: =C61/100 -> 1.78 | E61: =ROUND(G61,1) -> 104 | F61: =E61/D61^2 -> 32.824138 | G61: 104 | H61: FALSE | I61: =IF(ISBLANK(H61),FALSE,H61) -> FALSE | J61: =IF(I61="YES",TRUE,IF(I61="No",FALSE,I61)) -> FALSE | K61: FALSE | L61: =IF(ISBLANK(K61),FALSE,K61) -> FALSE | M61: =IF(L61="Yes",TRUE,IF(L61="No",FALSE,L61)) -> FALSE | N61: FALSE | O61: =IF(ISBLANK(N61),"FALSE",N61) -> FALSE | P61: =IF(O61="yes",TRUE,IF(O61="No",FALSE,O61)) -> FALSE | Q61: FALSE | R61: =IF(ISBLANK(Q61),FALSE,Q61) -> FALSE | S61: =IF(R61="Yes",TRUE,IF(R61="No",FALSE,R61)) -> FALSE | T61: 127/86 | U61: 166 | V61: TRUE | W61: =IF(ISBLANK(V61),FALSE,V61) -> TRUE | X61: =IF(W61="Yes",TRUE,IF(W61="No",FALSE,FALSE)) -> FALSE | Y61: FALSE | Z61: =IF(ISBLANK(Y61),FALSE,Y61) -> FALSE | AA61: =IF(Z61="YES",TRUE,IF(Z61="No",FALSE,Z61)) -> FALSE | AB61: TRUE | AC61: =IF(ISBLANK(AB61),"FALSE",AB61) -> TRUE | AD61: =IF(AC61="Yes",TRUE,IF(AC61="No",FALSE,AC61)) -> TRUE | AE61: Heart Attack | AF61: =PROPER(AE61) -> Heart Attack | AG61: Yes | AH61: =IF(ISBLANK(AG61),"No",AG61) -> Yes | AI61: Recovered | AJ61: Very Satisfied
A62: PID0061 | B62: B- | C62: 176 | D62: =C62/100 -> 1.76 | E62: =ROUND(G62,1) -> 95.7 | F62: =E62/D62^2 -> 30.894886 | G62: 95.7 | H62: TRUE | I62: =IF(ISBLANK(H62),FALSE,H62) -> TRUE | J62: =IF(I62="YES",TRUE,IF(I62="No",FALSE,I62)) -> TRUE | K62: FALSE | L62: =IF(ISBLANK(K62),FALSE,K62) -> FALSE | M62: =IF(L62="Yes",TRUE,IF(L62="No",FALSE,L62)) -> FALSE | N62: TRUE | O62: =IF(ISBLANK(N62),"FALSE",N62) -> TRUE | P62: =IF(O62="yes",TRUE,IF(O62="No",FALSE,O62)) -> TRUE | Q62: FALSE | R62: =IF(ISBLANK(Q62),FALSE,Q62) -> FALSE | S62: =IF(R62="Yes",TRUE,IF(R62="No",FALSE,R62)) -> FALSE | T62: 127/77 | U62: 182 | V62: TRUE | W62: =IF(ISBLANK(V62),FALSE,V62) -> TRUE | X62: =IF(W62="Yes",TRUE,IF(W62="No",FALSE,FALSE)) -> FALSE | Y62: FALSE | Z62: =IF(ISBLANK(Y62),FALSE,Y62) -> FALSE | AA62: =IF(Z62="YES",TRUE,IF(Z62="No",FALSE,Z62)) -> FALSE | AB62: TRUE | AC62: =IF(ISBLANK(AB62),"FALSE",AB62) -> TRUE | AD62: =IF(AC62="Yes",TRUE,IF(AC62="No",FALSE,AC62)) -> TRUE | AE62: Heart Attack | AF62: =PROPER(AE62) -> Heart Attack | AG62: No | AH62: =IF(ISBLANK(AG62),"No",AG62) -> No | AI62: Recovered | AJ62: Neutral
A63: PID0062 | B63: B- | C63: 169 | D63: =C63/100 -> 1.69 | E63: =ROUND(G63,1) -> 86.7 | F63: =E63/D63^2 -> 30.35608 | G63: 86.7 | H63: FALSE | I63: =IF(ISBLANK(H63),FALSE,H63) -> FALSE | J63: =IF(I63="YES",TRUE,IF(I63="No",FALSE,I63)) -> FALSE | K63: TRUE | L63: =IF(ISBLANK(K63),FALSE,K63) -> TRUE | M63: =IF(L63="Yes",TRUE,IF(L63="No",FALSE,L63)) -> TRUE | N63: TRUE | O63: =IF(ISBLANK(N63),"FALSE",N63) -> TRUE | P63: =IF(O63="yes",TRUE,IF(O63="No",FALSE,O63)) -> TRUE | Q63: FALSE | R63: =IF(ISBLANK(Q63),FALSE,Q63) -> FALSE | S63: =IF(R63="Yes",TRUE,IF(R63="No",FALSE,R63)) -> FALSE | T63: 112/86 | U63: 186 | V63: FALSE | W63: =IF(ISBLANK(V63),FALSE,V63) -> FALSE | X63: =IF(W63="Yes",TRUE,IF(W63="No",FALSE,FALSE)) -> FALSE | Y63: TRUE | Z63: =IF(ISBLANK(Y63),FALSE,Y63) -> TRUE | AA63: =IF(Z63="YES",TRUE,IF(Z63="No",FALSE,Z63)) -> TRUE | AB63: TRUE | AC63: =IF(ISBLANK(AB63),"FALSE",AB63) -> TRUE | AD63: =IF(AC63="Yes",TRUE,IF(AC63="No",FALSE,AC63)) -> TRUE | AE63: Appendicitis | AF63: =PROPER(AE63) -> Appendicitis | AG63: No | AH63: =IF(ISBLANK(AG63),"No",AG63) -> No | AI63: Recovered | AJ63: Satisfied
A64: PID0063 | B64: O+ | C64: 176 | D64: =C64/100 -> 1.76 | E64: =ROUND(G64,1) -> 105.9 | F64: =E64/D64^2 -> 34.187758 | G64: 105.9001 | H64: FALSE | I64: =IF(ISBLANK(H64),FALSE,H64) -> FALSE | J64: =IF(I64="YES",TRUE,IF(I64="No",FALSE,I64)) -> FALSE | K64: FALSE | L64: =IF(ISBLANK(K64),FALSE,K64) -> FALSE | M64: =IF(L64="Yes",TRUE,IF(L64="No",FALSE,L64)) -> FALSE | N64: FALSE | O64: =IF(ISBLANK(N64),"FALSE",N64) -> FALSE | P64: =IF(O64="yes",TRUE,IF(O64="No",FALSE,O64)) -> FALSE | Q64: TRUE | R64: =IF(ISBLANK(Q64),FALSE,Q64) -> TRUE | S64: =IF(R64="Yes",TRUE,IF(R64="No",FALSE,R64)) -> TRUE | T64: 126/70 | U64: 176 | V64: TRUE | W64: =IF(ISBLANK(V64),FALSE,V64) -> TRUE | X64: =IF(W64="Yes",TRUE,IF(W64="No",FALSE,FALSE)) -> FALSE | Y64: FALSE | Z64: =IF(ISBLANK(Y64),FALSE,Y64) -> FALSE | AA64: =IF(Z64="YES",TRUE,IF(Z64="No",FALSE,Z64)) -> FALSE | AB64: TRUE | AC64: =IF(ISBLANK(AB64),"FALSE",AB64) -> TRUE | AD64: =IF(AC64="Yes",TRUE,IF(AC64="No",FALSE,AC64)) -> TRUE | AE64: Hypertension | AF64: =PROPER(AE64) -> Hypertension | AG64: Yes | AH64: =IF(ISBLANK(AG64),"No",AG64) -> Yes | AI64: Recovered | AJ64: Very Dissatisfied
A65: PID0064 | B65: A+ | C65: 166 | D65: =C65/100 -> 1.66 | E65: =ROUND(G65,1) -> 87.1 | F65: =E65/D65^2 -> 31.608361 | G65: 87.1 | H65: FALSE | I65: =IF(ISBLANK(H65),FALSE,H65) -> FALSE | J65: =IF(I65="YES",TRUE,IF(I65="No",FALSE,I65)) -> FALSE | K65: FALSE | L65: =IF(ISBLANK(K65),FALSE,K65) -> FALSE | M65: =IF(L65="Yes",TRUE,IF(L65="No",FALSE,L65)) -> FALSE | N65: FALSE | O65: =IF(ISBLANK(N65),"FALSE",N65) -> FALSE | P65: =IF(O65="yes",TRUE,IF(O65="No",FALSE,O65)) -> FALSE | Q65: FALSE | R65: =IF(ISBLANK(Q65),FALSE,Q65) -> FALSE | S65: =IF(R65="Yes",TRUE,IF(R65="No",FALSE,R65)) -> FALSE | T65: 127/86 | U65: 188 | V65: TRUE | W65: =IF(ISBLANK(V65),FALSE,V65) -> TRUE | X65: =IF(W65="Yes",TRUE,IF(W65="No",FALSE,FALSE)) -> FALSE | Y65: FALSE | Z65: =IF(ISBLANK(Y65),FALSE,Y65) -> FALSE | AA65: =IF(Z65="YES",TRUE,IF(Z65="No",FALSE,Z65)) -> FALSE | AB65: TRUE | AC65: =IF(ISBLANK(AB65),"FALSE",AB65) -> TRUE | AD65: =IF(AC65="Yes",TRUE,IF(AC65="No",FALSE,AC65)) -> TRUE | AE65: Heart Disease | AF65: =PROPER(AE65) -> Heart Disease | AG65: Yes | AH65: =IF(ISBLANK(AG65),"No",AG65) -> Yes | AI65: Critical | AJ65: Satisfied
